> Task :app:compileJava UP-TO-DATE
> Task :app:processResources UP-TO-DATE
> Task :app:classes UP-TO-DATE
> Task :app:resolveMainClassName UP-TO-DATE

> Task :app:bootRun

  .   ____          _            __ _ _
 /\\ / ___'_ __ _ _(_)_ __  __ _ \ \ \ \
( ( )\___ | '_ | '_| | '_ \/ _` | \ \ \ \
 \\/  ___)| |_)| | | | | || (_| |  ) ) ) )
  '  |____| .__|_| |_|_| |_\__, | / / / /
 =========|_|==============|___/=/_/_/_/

 :: Spring Boot ::                (v4.0.1)

2026-07-02T19:40:15.207+08:00  INFO 45732 --- [ai-interview-platform] [           main] interview.guide.App                      : Starting App using Java 21.0.7 with PID 45732 (D:\code\java\interview-guide-master\app\build\classes\java\main started by 朝槿 in D:\code\java\interview-guide-master\app)
2026-07-02T19:40:15.210+08:00  INFO 45732 --- [ai-interview-platform] [           main] interview.guide.App                      : No active profile set, falling back to 1 default profile: "default"
2026-07-02T19:40:16.667+08:00  INFO 45732 --- [ai-interview-platform] [           main] .s.d.r.c.RepositoryConfigurationDelegate : Multiple Spring Data modules found, entering strict repository configuration mode
2026-07-02T19:40:16.669+08:00  INFO 45732 --- [ai-interview-platform] [           main] .s.d.r.c.RepositoryConfigurationDelegate : Bootstrapping Spring Data JPA repositories in DEFAULT mode.
2026-07-02T19:40:17.018+08:00  INFO 45732 --- [ai-interview-platform] [           main] .s.d.r.c.RepositoryConfigurationDelegate : Finished Spring Data repository scanning in 339 ms. Found 14 JPA repository interfaces.
2026-07-02T19:40:17.044+08:00  INFO 45732 --- [ai-interview-platform] [           main] .s.d.r.c.RepositoryConfigurationDelegate : Multiple Spring Data modules found, entering strict repository configuration mode
2026-07-02T19:40:17.045+08:00  INFO 45732 --- [ai-interview-platform] [           main] .s.d.r.c.RepositoryConfigurationDelegate : Bootstrapping Spring Data Redis repositories in DEFAULT mode.
2026-07-02T19:40:17.084+08:00  INFO 45732 --- [ai-interview-platform] [           main] .RepositoryConfigurationExtensionSupport : Spring Data Redis - Could not safely identify store assignment for repository candidate interface interview.guide.modules.aisettings.repository.SystemAiSettingsRepository; If you want this repository to be a Redis repository, consider annotating your entities with one of these annotations: org.springframework.data.redis.core.RedisHash (preferred), or consider extending one of the following types with your repository: org.springframework.data.keyvalue.repository.KeyValueRepository
2026-07-02T19:40:17.084+08:00  INFO 45732 --- [ai-interview-platform] [           main] .RepositoryConfigurationExtensionSupport : Spring Data Redis - Could not safely identify store assignment for repository candidate interface interview.guide.modules.aisettings.repository.UserAiSettingsRepository; If you want this repository to be a Redis repository, consider annotating your entities with one of these annotations: org.springframework.data.redis.core.RedisHash (preferred), or consider extending one of the following types with your repository: org.springframework.data.keyvalue.repository.KeyValueRepository
2026-07-02T19:40:17.085+08:00  INFO 45732 --- [ai-interview-platform] [           main] .RepositoryConfigurationExtensionSupport : Spring Data Redis - Could not safely identify store assignment for repository candidate interface interview.guide.modules.interviewschedule.repository.InterviewScheduleRepository; If you want this repository to be a Redis repository, consider annotating your entities with one of these annotations: org.springframework.data.redis.core.RedisHash (preferred), or consider extending one of the following types with your repository: org.springframework.data.keyvalue.repository.KeyValueRepository
2026-07-02T19:40:17.086+08:00  INFO 45732 --- [ai-interview-platform] [           main] .RepositoryConfigurationExtensionSupport : Spring Data Redis - Could not safely identify store assignment for repository candidate interface interview.guide.modules.interview.repository.InterviewAnswerRepository; If you want this repository to be a Redis repository, consider annotating your entities with one of these annotations: org.springframework.data.redis.core.RedisHash (preferred), or consider extending one of the following types with your repository: org.springframework.data.keyvalue.repository.KeyValueRepository
2026-07-02T19:40:17.086+08:00  INFO 45732 --- [ai-interview-platform] [           main] .RepositoryConfigurationExtensionSupport : Spring Data Redis - Could not safely identify store assignment for repository candidate interface interview.guide.modules.interview.repository.InterviewSessionRepository; If you want this repository to be a Redis repository, consider annotating your entities with one of these annotations: org.springframework.data.redis.core.RedisHash (preferred), or consider extending one of the following types with your repository: org.springframework.data.keyvalue.repository.KeyValueRepository
2026-07-02T19:40:17.087+08:00  INFO 45732 --- [ai-interview-platform] [           main] .RepositoryConfigurationExtensionSupport : Spring Data Redis - Could not safely identify store assignment for repository candidate interface interview.guide.modules.knowledgebase.repository.KnowledgeBaseRepository; If you want this repository to be a Redis repository, consider annotating your entities with one of these annotations: org.springframework.data.redis.core.RedisHash (preferred), or consider extending one of the following types with your repository: org.springframework.data.keyvalue.repository.KeyValueRepository
2026-07-02T19:40:17.087+08:00  INFO 45732 --- [ai-interview-platform] [           main] .RepositoryConfigurationExtensionSupport : Spring Data Redis - Could not safely identify store assignment for repository candidate interface interview.guide.modules.knowledgebase.repository.RagChatMessageRepository; If you want this repository to be a Redis repository, consider annotating your entities with one of these annotations: org.springframework.data.redis.core.RedisHash (preferred), or consider extending one of the following types with your repository: org.springframework.data.keyvalue.repository.KeyValueRepository
2026-07-02T19:40:17.087+08:00  INFO 45732 --- [ai-interview-platform] [           main] .RepositoryConfigurationExtensionSupport : Spring Data Redis - Could not safely identify store assignment for repository candidate interface interview.guide.modules.knowledgebase.repository.RagChatSessionRepository; If you want this repository to be a Redis repository, consider annotating your entities with one of these annotations: org.springframework.data.redis.core.RedisHash (preferred), or consider extending one of the following types with your repository: org.springframework.data.keyvalue.repository.KeyValueRepository
2026-07-02T19:40:17.087+08:00  INFO 45732 --- [ai-interview-platform] [           main] .RepositoryConfigurationExtensionSupport : Spring Data Redis - Could not safely identify store assignment for repository candidate interface interview.guide.modules.resume.repository.ResumeAnalysisRepository; If you want this repository to be a Redis repository, consider annotating your entities with one of these annotations: org.springframework.data.redis.core.RedisHash (preferred), or consider extending one of the following types with your repository: org.springframework.data.keyvalue.repository.KeyValueRepository
2026-07-02T19:40:17.088+08:00  INFO 45732 --- [ai-interview-platform] [           main] .RepositoryConfigurationExtensionSupport : Spring Data Redis - Could not safely identify store assignment for repository candidate interface interview.guide.modules.resume.repository.ResumeRepository; If you want this repository to be a Redis repository, consider annotating your entities with one of these annotations: org.springframework.data.redis.core.RedisHash (preferred), or consider extending one of the following types with your repository: org.springframework.data.keyvalue.repository.KeyValueRepository
2026-07-02T19:40:17.088+08:00  INFO 45732 --- [ai-interview-platform] [           main] .RepositoryConfigurationExtensionSupport : Spring Data Redis - Could not safely identify store assignment for repository candidate interface interview.guide.modules.user.repository.UserRepository; If you want this repository to be a Redis repository, consider annotating your entities with one of these annotations: org.springframework.data.redis.core.RedisHash (preferred), or consider extending one of the following types with your repository: org.springframework.data.keyvalue.repository.KeyValueRepository
2026-07-02T19:40:17.088+08:00  INFO 45732 --- [ai-interview-platform] [           main] .RepositoryConfigurationExtensionSupport : Spring Data Redis - Could not safely identify store assignment for repository candidate interface interview.guide.modules.voiceinterview.repository.VoiceInterviewEvaluationRepository; If you want this repository to be a Redis repository, consider annotating your entities with one of these annotations: org.springframework.data.redis.core.RedisHash (preferred), or consider extending one of the following types with your repository: org.springframework.data.keyvalue.repository.KeyValueRepository
2026-07-02T19:40:17.088+08:00  INFO 45732 --- [ai-interview-platform] [           main] .RepositoryConfigurationExtensionSupport : Spring Data Redis - Could not safely identify store assignment for repository candidate interface interview.guide.modules.voiceinterview.repository.VoiceInterviewMessageRepository; If you want this repository to be a Redis repository, consider annotating your entities with one of these annotations: org.springframework.data.redis.core.RedisHash (preferred), or consider extending one of the following types with your repository: org.springframework.data.keyvalue.repository.KeyValueRepository
2026-07-02T19:40:17.088+08:00  INFO 45732 --- [ai-interview-platform] [           main] .RepositoryConfigurationExtensionSupport : Spring Data Redis - Could not safely identify store assignment for repository candidate interface interview.guide.modules.voiceinterview.repository.VoiceInterviewSessionRepository; If you want this repository to be a Redis repository, consider annotating your entities with one of these annotations: org.springframework.data.redis.core.RedisHash (preferred), or consider extending one of the following types with your repository: org.springframework.data.keyvalue.repository.KeyValueRepository
2026-07-02T19:40:17.088+08:00  INFO 45732 --- [ai-interview-platform] [           main] .s.d.r.c.RepositoryConfigurationDelegate : Finished Spring Data repository scanning in 32 ms. Found 0 Redis repository interfaces.
2026-07-02T19:40:17.995+08:00  INFO 45732 --- [ai-interview-platform] [           main] o.s.boot.tomcat.TomcatWebServer          : Tomcat initialized with port 8200 (http)
2026-07-02T19:40:18.017+08:00  INFO 45732 --- [ai-interview-platform] [           main] o.apache.catalina.core.StandardService   : Starting service [Tomcat]
2026-07-02T19:40:18.018+08:00  INFO 45732 --- [ai-interview-platform] [           main] o.apache.catalina.core.StandardEngine    : Starting Servlet engine: [Apache Tomcat/11.0.15]
2026-07-02T19:40:18.077+08:00  INFO 45732 --- [ai-interview-platform] [           main] b.w.c.s.WebApplicationContextInitializer : Root WebApplicationContext: initialization completed in 2826 ms
2026-07-02T19:40:18.308+08:00  INFO 45732 --- [ai-interview-platform] [           main] org.hibernate.orm.jpa                    : HHH008540: Processing PersistenceUnitInfo [name: default]
2026-07-02T19:40:18.392+08:00  INFO 45732 --- [ai-interview-platform] [           main] org.hibernate.orm.core                   : HHH000001: Hibernate ORM core version 7.2.0.Final
2026-07-02T19:40:19.834+08:00  INFO 45732 --- [ai-interview-platform] [           main] o.s.o.j.p.SpringPersistenceUnitInfo      : No LoadTimeWeaver setup: ignoring JPA class transformer
2026-07-02T19:40:19.902+08:00  INFO 45732 --- [ai-interview-platform] [           main] com.zaxxer.hikari.HikariDataSource       : HikariPool-1 - Starting...
2026-07-02T19:40:20.187+08:00  INFO 45732 --- [ai-interview-platform] [           main] com.zaxxer.hikari.pool.HikariPool        : HikariPool-1 - Added connection org.postgresql.jdbc.PgConnection@1952ad9d
2026-07-02T19:40:20.189+08:00  INFO 45732 --- [ai-interview-platform] [           main] com.zaxxer.hikari.HikariDataSource       : HikariPool-1 - Start completed.
2026-07-02T19:40:20.238+08:00  WARN 45732 --- [ai-interview-platform] [           main] org.hibernate.orm.deprecation            : HHH90000025: PostgreSQLDialect does not need to be specified explicitly using 'hibernate.dialect' (remove the property setting and it will be selected by default)
2026-07-02T19:40:20.281+08:00  INFO 45732 --- [ai-interview-platform] [           main] org.hibernate.orm.connections.pooling    : HHH10001005: Database info:
	Database JDBC URL [jdbc:postgresql://localhost:5432/interview_guide]
	Database driver: PostgreSQL JDBC Driver
	Database dialect: PostgreSQLDialect
	Database version: 16.14
	Default catalog/schema: interview_guide/public
	Autocommit mode: undefined/unknown
	Isolation level: READ_COMMITTED [default READ_COMMITTED]
	JDBC fetch size: none
	Pool: DataSourceConnectionProvider
	Minimum pool size: undefined/unknown
	Maximum pool size: undefined/unknown
2026-07-02T19:40:23.777+08:00  INFO 45732 --- [ai-interview-platform] [           main] org.hibernate.orm.core                   : HHH000489: No JTA platform available (set 'hibernate.transaction.jta.platform' to enable JTA platform integration)
2026-07-02T19:40:23.927+08:00  INFO 45732 --- [ai-interview-platform] [           main] j.LocalContainerEntityManagerFactoryBean : Initialized JPA EntityManagerFactory for persistence unit 'default'
2026-07-02T19:40:24.113+08:00  INFO 45732 --- [ai-interview-platform] [           main] o.s.d.j.r.query.QueryEnhancerFactories   : Hibernate is in classpath; If applicable, HQL parser will be used.
2026-07-02T19:40:24.366+08:00  INFO 45732 --- [ai-interview-platform] [           main] i.g.common.ai.AgentUtilsConfiguration    : AgentUtils SkillsTool 已启用，skillsRoot=classpath:skills, configured=classpath:skills
2026-07-02T19:40:24.662+08:00  WARN 45732 --- [ai-interview-platform] [           main] config                                   : password setting is deprecated. Use password setting in Config instead.
2026-07-02T19:40:24.725+08:00  INFO 45732 --- [ai-interview-platform] [           main] org.redisson.Version                     : Redisson 4.0.0
2026-07-02T19:40:24.734+08:00  WARN 45732 --- [ai-interview-platform] [           main] config                                   : password setting is deprecated. Use password setting in Config instead.
2026-07-02T19:40:24.740+08:00  WARN 45732 --- [ai-interview-platform] [           main] config                                   : password setting is deprecated. Use password setting in Config instead.
2026-07-02T19:40:25.354+08:00  INFO 45732 --- [ai-interview-platform] [isson-netty-1-5] o.redisson.connection.ConnectionsHolder  : 1 connections initialized for localhost/127.0.0.1:6379
2026-07-02T19:40:25.443+08:00  INFO 45732 --- [ai-interview-platform] [sson-netty-1-24] o.redisson.connection.ConnectionsHolder  : 10 connections initialized for localhost/127.0.0.1:6379
2026-07-02T19:40:25.625+08:00  INFO 45732 --- [ai-interview-platform] [           main] i.guide.common.aspect.RateLimitAspect    : 限流 Lua 脚本加载完成, SHA1: 30631d5a15a49b972f5fb492065ea2b24e5ab88e
2026-07-02T19:40:28.704+08:00  INFO 45732 --- [ai-interview-platform] [           main] i.g.m.i.skill.InterviewSkillService      : 加载预设 Skill: ai-agent-dev (ai-agent-dev)
2026-07-02T19:40:28.709+08:00  INFO 45732 --- [ai-interview-platform] [           main] i.g.m.i.skill.InterviewSkillService      : 加载预设 Skill: algorithm (algorithm)
2026-07-02T19:40:28.714+08:00  INFO 45732 --- [ai-interview-platform] [           main] i.g.m.i.skill.InterviewSkillService      : 加载预设 Skill: ali-backend (ali-backend)
2026-07-02T19:40:28.717+08:00  INFO 45732 --- [ai-interview-platform] [           main] i.g.m.i.skill.InterviewSkillService      : 加载预设 Skill: bytedance-backend (bytedance-backend)
2026-07-02T19:40:28.721+08:00  INFO 45732 --- [ai-interview-platform] [           main] i.g.m.i.skill.InterviewSkillService      : 加载预设 Skill: frontend (frontend)
2026-07-02T19:40:28.725+08:00  INFO 45732 --- [ai-interview-platform] [           main] i.g.m.i.skill.InterviewSkillService      : 加载预设 Skill: java-backend-tencent (java-backend-tencent)
2026-07-02T19:40:28.728+08:00  INFO 45732 --- [ai-interview-platform] [           main] i.g.m.i.skill.InterviewSkillService      : 加载预设 Skill: java-backend (java-backend)
2026-07-02T19:40:28.732+08:00  INFO 45732 --- [ai-interview-platform] [           main] i.g.m.i.skill.InterviewSkillService      : 加载预设 Skill: python-backend (python-backend)
2026-07-02T19:40:28.735+08:00  INFO 45732 --- [ai-interview-platform] [           main] i.g.m.i.skill.InterviewSkillService      : 加载预设 Skill: system-design (system-design)
2026-07-02T19:40:28.737+08:00  INFO 45732 --- [ai-interview-platform] [           main] i.g.m.i.skill.InterviewSkillService      : 加载预设 Skill: test-development (test-development)
2026-07-02T19:40:28.738+08:00  INFO 45732 --- [ai-interview-platform] [           main] i.g.m.i.skill.InterviewSkillService      : 共加载 10 个预设 Skill
2026-07-02T19:40:28.739+08:00  INFO 45732 --- [ai-interview-platform] [           main] i.g.m.i.skill.InterviewSkillService      : 构建 category→reference 映射: 36 个条目
2026-07-02T19:40:29.169+08:00  INFO 45732 --- [ai-interview-platform] [           main] i.g.common.async.AbstractStreamConsumer  : 评估消费者已调度启动: consumerName=evaluate-consumer-b40630ce
2026-07-02T19:40:29.176+08:00  INFO 45732 --- [ai-interview-platform] [aluate-consumer] o.s.a.r.c.CachingConnectionFactory       : Attempting to connect to: [localhost:5672]
2026-07-02T19:40:29.263+08:00  INFO 45732 --- [ai-interview-platform] [aluate-consumer] o.s.a.r.c.CachingConnectionFactory       : Created new connection: rabbitConnectionFactory#c17ef34:0/SimpleConnection@2615586f [delegate=amqp://guest@127.0.0.1:5672/, localPort=4969]
2026-07-02T19:40:29.326+08:00  INFO 45732 --- [ai-interview-platform] [aluate-consumer] i.g.i.rabbitmq.RabbitMqTaskQueueService  : RabbitMQ异步队列已就绪: exchange=interview.async.tasks.exchange, queue=evaluate-group, routingKey=interview:evaluate:stream
2026-07-02T19:40:29.340+08:00  INFO 45732 --- [ai-interview-platform] [aluate-consumer] i.g.i.rabbitmq.RabbitMqTaskQueueService  : RabbitMQ异步消费者已配置: queue=evaluate-group, consumerName=evaluate-consumer-b40630ce, concurrentConsumers=1, maxConcurrentConsumers=1, prefetchCount=10
2026-07-02T19:40:29.371+08:00  INFO 45732 --- [ai-interview-platform] [aluate-consumer] i.g.common.async.AbstractStreamConsumer  : 评估消费者启动成功: consumerName=evaluate-consumer-b40630ce
2026-07-02T19:40:30.542+08:00  INFO 45732 --- [ai-interview-platform] [           main] i.g.common.config.LlmEmbeddingConfig     : EmbeddingModel bean initialized as AI model delegate
2026-07-02T19:40:30.863+08:00  INFO 45732 --- [ai-interview-platform] [           main] o.s.a.v.pgvector.PgVectorStore           : Using the vector table name: vector_store. Is empty: false
2026-07-02T19:40:30.866+08:00  INFO 45732 --- [ai-interview-platform] [           main] o.s.a.v.pgvector.PgVectorStore           : Initializing PGVectorStore schema for table: vector_store in schema: public
2026-07-02T19:40:30.867+08:00  INFO 45732 --- [ai-interview-platform] [           main] o.s.a.v.pgvector.PgVectorStore           : vectorTableValidationsEnabled false
2026-07-02T19:40:31.068+08:00  INFO 45732 --- [ai-interview-platform] [           main] i.g.common.async.AbstractStreamConsumer  : 向量化消费者已调度启动: consumerName=vectorize-consumer-04f15972
2026-07-02T19:40:31.077+08:00  INFO 45732 --- [ai-interview-platform] [torize-consumer] i.g.i.rabbitmq.RabbitMqTaskQueueService  : RabbitMQ异步队列已就绪: exchange=interview.async.tasks.exchange, queue=vectorize-group, routingKey=knowledgebase:vectorize:stream
2026-07-02T19:40:31.077+08:00  INFO 45732 --- [ai-interview-platform] [torize-consumer] i.g.i.rabbitmq.RabbitMqTaskQueueService  : RabbitMQ异步消费者已配置: queue=vectorize-group, consumerName=vectorize-consumer-04f15972, concurrentConsumers=1, maxConcurrentConsumers=1, prefetchCount=10
2026-07-02T19:40:31.084+08:00  INFO 45732 --- [ai-interview-platform] [torize-consumer] i.g.common.async.AbstractStreamConsumer  : 向量化消费者启动成功: consumerName=vectorize-consumer-04f15972
2026-07-02T19:40:31.133+08:00  INFO 45732 --- [ai-interview-platform] [           main] i.g.common.async.AbstractStreamConsumer  : 简历分析消费者已调度启动: consumerName=analyze-consumer-8b53dd86
2026-07-02T19:40:31.144+08:00  INFO 45732 --- [ai-interview-platform] [nalyze-consumer] i.g.i.rabbitmq.RabbitMqTaskQueueService  : RabbitMQ异步队列已就绪: exchange=interview.async.tasks.exchange, queue=analyze-group, routingKey=resume:analyze:stream
2026-07-02T19:40:31.144+08:00  INFO 45732 --- [ai-interview-platform] [nalyze-consumer] i.g.i.rabbitmq.RabbitMqTaskQueueService  : RabbitMQ异步消费者已配置: queue=analyze-group, consumerName=analyze-consumer-8b53dd86, concurrentConsumers=1, maxConcurrentConsumers=1, prefetchCount=10
2026-07-02T19:40:31.151+08:00  INFO 45732 --- [ai-interview-platform] [nalyze-consumer] i.g.common.async.AbstractStreamConsumer  : 简历分析消费者启动成功: consumerName=analyze-consumer-8b53dd86
2026-07-02T19:40:31.254+08:00  INFO 45732 --- [ai-interview-platform] [           main] i.g.m.v.service.QwenAsrService           : QwenAsrService initialized with model: qwen3-asr-flash-realtime, url: wss://dashscope.aliyuncs.com/api-ws/v1/realtime
2026-07-02T19:40:31.258+08:00  INFO 45732 --- [ai-interview-platform] [           main] i.g.m.v.service.QwenTtsService           : QwenTtsService initialized with model: qwen3-tts-flash-realtime, voice: Cherry, sampleRate: 24000Hz
2026-07-02T19:40:31.299+08:00  INFO 45732 --- [ai-interview-platform] [           main] i.g.m.v.h.VoiceInterviewWebSocketHandler : 开场语音缓存预热已禁用
2026-07-02T19:40:31.307+08:00  INFO 45732 --- [ai-interview-platform] [           main] i.g.common.async.AbstractStreamConsumer  : 语音面试评估消费者已调度启动: consumerName=voice-evaluate-consumer-2ca90b58
2026-07-02T19:40:31.318+08:00  INFO 45732 --- [ai-interview-platform] [aluate-consumer] i.g.i.rabbitmq.RabbitMqTaskQueueService  : RabbitMQ异步队列已就绪: exchange=interview.async.tasks.exchange, queue=voice-evaluate-group, routingKey=voice:evaluate:stream
2026-07-02T19:40:31.318+08:00  INFO 45732 --- [ai-interview-platform] [aluate-consumer] i.g.i.rabbitmq.RabbitMqTaskQueueService  : RabbitMQ异步消费者已配置: queue=voice-evaluate-group, consumerName=voice-evaluate-consumer-2ca90b58, concurrentConsumers=1, maxConcurrentConsumers=1, prefetchCount=10
2026-07-02T19:40:31.326+08:00  INFO 45732 --- [ai-interview-platform] [aluate-consumer] i.g.common.async.AbstractStreamConsumer  : 语音面试评估消费者启动成功: consumerName=voice-evaluate-consumer-2ca90b58
2026-07-02T19:40:31.576+08:00  WARN 45732 --- [ai-interview-platform] [           main] JpaBaseConfiguration$JpaWebConfiguration : spring.jpa.open-in-view is enabled by default. Therefore, database queries may be performed during view rendering. Explicitly configure spring.jpa.open-in-view to disable this warning
2026-07-02T19:40:32.563+08:00  INFO 45732 --- [ai-interview-platform] [           main] o.s.boot.tomcat.TomcatWebServer          : Tomcat started on port 8200 (http) with context path '/'
2026-07-02T19:40:32.582+08:00  INFO 45732 --- [ai-interview-platform] [           main] interview.guide.App                      : Started App in 18.12 seconds (process running for 18.563)
2026-07-02T19:40:32.584+08:00  WARN 45732 --- [ai-interview-platform] [           main] o.s.core.events.SpringDocAppInitializer  : SpringDoc /v3/api-docs endpoint is enabled by default. To disable it in production, set the property 'springdoc.api-docs.enabled=false'
2026-07-02T19:40:32.585+08:00  WARN 45732 --- [ai-interview-platform] [           main] o.s.core.events.SpringDocAppInitializer  : SpringDoc /swagger-ui.html endpoint is enabled by default. To disable it in production, set the property 'springdoc.swagger-ui.enabled=false'
2026-07-02T19:40:32.737+08:00  WARN 45732 --- [ai-interview-platform] [           main] i.g.m.u.service.AdminBootstrapService    : 当前使用默认管理员密码，请在生产环境设置 APP_AUTH_ADMIN_PASSWORD
2026-07-02T19:40:32.737+08:00  INFO 45732 --- [ai-interview-platform] [           main] i.g.m.u.service.AdminBootstrapService    : 管理员账号已就绪: username=admin, userId=9
2026-07-02T19:40:32.757+08:00  INFO 45732 --- [ai-interview-platform] [           main] i.g.m.u.service.AdminBootstrapService    : 历史数据归属账号已就绪: username=zhaojin, userId=6
2026-07-02T19:40:33.038+08:00  WARN 45732 --- [ai-interview-platform] [   scheduling-4] org.hibernate.orm.jdbc.error             : HHH000247: ErrorCode: 0, SQLState: 23514
2026-07-02T19:40:33.039+08:00  WARN 45732 --- [ai-interview-platform] [   scheduling-4] org.hibernate.orm.jdbc.error             : ERROR: new row for relation "interview_schedule" violates check constraint "interview_schedule_status_check"
  详细：Failing row contains (1, 2026-07-02 19:22:03.171302, 6, 2026-04-15 19:30:00, 2026-07-02 19:22:03.171302, 阿里巴巴, VIDEO, 李老师, https://meeting.tencent.com/abc-defg-hij, 请提前10分钟入会，准备项目介绍与系统设计案..., 后端开发工程师, EXPIRED, 6).
2026-07-02T19:40:33.054+08:00 ERROR 45732 --- [ai-interview-platform] [   scheduling-4] o.s.s.s.TaskUtils$LoggingErrorHandler    : Unexpected error occurred in scheduled task

org.springframework.dao.DataIntegrityViolationException: JDBC exception executing SQL [ERROR: new row for relation "interview_schedule" violates check constraint "interview_schedule_status_check"
  详细：Failing row contains (1, 2026-07-02 19:22:03.171302, 6, 2026-04-15 19:30:00, 2026-07-02 19:22:03.171302, 阿里巴巴, VIDEO, 李老师, https://meeting.tencent.com/abc-defg-hij, 请提前10分钟入会，准备项目介绍与系统设计案..., 后端开发工程师, EXPIRED, 6).] [update interview_schedule ise1_0 set status=? where ise1_0.status=? and ise1_0.interview_time<?]; SQL [update interview_schedule ise1_0 set status=? where ise1_0.status=? and ise1_0.interview_time<?]; constraint [interview_schedule_status_check]
	at org.springframework.orm.jpa.hibernate.HibernateExceptionTranslator.convertHibernateAccessException(HibernateExceptionTranslator.java:169)
	at org.springframework.orm.jpa.hibernate.HibernateExceptionTranslator.convertHibernateAccessException(HibernateExceptionTranslator.java:131)
	at org.springframework.orm.jpa.hibernate.HibernateExceptionTranslator.translateExceptionIfPossible(HibernateExceptionTranslator.java:105)
	at org.springframework.orm.jpa.vendor.HibernateJpaDialect.translateExceptionIfPossible(HibernateJpaDialect.java:199)
	at org.springframework.orm.jpa.AbstractEntityManagerFactoryBean.translateExceptionIfPossible(AbstractEntityManagerFactoryBean.java:556)
	at org.springframework.dao.support.ChainedPersistenceExceptionTranslator.translateExceptionIfPossible(ChainedPersistenceExceptionTranslator.java:61)
	at org.springframework.dao.support.DataAccessUtils.translateIfNecessary(DataAccessUtils.java:346)
	at org.springframework.dao.support.PersistenceExceptionTranslationInterceptor.invoke(PersistenceExceptionTranslationInterceptor.java:157)
	at org.springframework.aop.framework.ReflectiveMethodInvocation.proceed(ReflectiveMethodInvocation.java:179)
	at org.springframework.data.jpa.repository.support.CrudMethodMetadataPostProcessor$CrudMethodMetadataPopulatingMethodInterceptor.invoke(CrudMethodMetadataPostProcessor.java:137)
	at org.springframework.aop.framework.ReflectiveMethodInvocation.proceed(ReflectiveMethodInvocation.java:179)
	at org.springframework.aop.framework.JdkDynamicAopProxy.invoke(JdkDynamicAopProxy.java:222)
	at jdk.proxy2/jdk.proxy2.$Proxy209.updateStatusByStatusAndInterviewTimeBefore(Unknown Source)
	at interview.guide.modules.interviewschedule.service.ScheduleStatusUpdater.updateExpiredInterviews(ScheduleStatusUpdater.java:22)
	at java.base/jdk.internal.reflect.DirectMethodHandleAccessor.invoke(DirectMethodHandleAccessor.java:103)
	at java.base/java.lang.reflect.Method.invoke(Method.java:580)
	at org.springframework.aop.support.AopUtils.invokeJoinpointUsingReflection(AopUtils.java:359)
	at org.springframework.aop.framework.ReflectiveMethodInvocation.invokeJoinpoint(ReflectiveMethodInvocation.java:190)
	at org.springframework.aop.framework.ReflectiveMethodInvocation.proceed(ReflectiveMethodInvocation.java:158)
	at org.springframework.transaction.interceptor.TransactionAspectSupport.invokeWithinTransaction(TransactionAspectSupport.java:370)
	at org.springframework.transaction.interceptor.TransactionInterceptor.invoke(TransactionInterceptor.java:118)
	at org.springframework.aop.framework.ReflectiveMethodInvocation.proceed(ReflectiveMethodInvocation.java:179)
	at org.springframework.aop.framework.CglibAopProxy$DynamicAdvisedInterceptor.intercept(CglibAopProxy.java:719)
	at interview.guide.modules.interviewschedule.service.ScheduleStatusUpdater$$SpringCGLIB$$0.updateExpiredInterviews(<generated>)
	at java.base/jdk.internal.reflect.DirectMethodHandleAccessor.invoke(DirectMethodHandleAccessor.java:103)
	at java.base/java.lang.reflect.Method.invoke(Method.java:580)
	at org.springframework.scheduling.support.ScheduledMethodRunnable.runInternal(ScheduledMethodRunnable.java:128)
	at org.springframework.scheduling.support.ScheduledMethodRunnable.lambda$run$1(ScheduledMethodRunnable.java:122)
	at io.micrometer.observation.Observation.observe(Observation.java:498)
	at org.springframework.scheduling.support.ScheduledMethodRunnable.run(ScheduledMethodRunnable.java:122)
	at org.springframework.scheduling.config.Task$OutcomeTrackingRunnable.run(Task.java:88)
	at org.springframework.scheduling.support.DelegatingErrorHandlingRunnable.run(DelegatingErrorHandlingRunnable.java:54)
	at java.base/java.lang.VirtualThread.run(VirtualThread.java:329)
Caused by: org.hibernate.exception.ConstraintViolationException: JDBC exception executing SQL [ERROR: new row for relation "interview_schedule" violates check constraint "interview_schedule_status_check"
  详细：Failing row contains (1, 2026-07-02 19:22:03.171302, 6, 2026-04-15 19:30:00, 2026-07-02 19:22:03.171302, 阿里巴巴, VIDEO, 李老师, https://meeting.tencent.com/abc-defg-hij, 请提前10分钟入会，准备项目介绍与系统设计案..., 后端开发工程师, EXPIRED, 6).] [update interview_schedule ise1_0 set status=? where ise1_0.status=? and ise1_0.interview_time<?]
	at org.hibernate.exception.internal.SQLStateConversionDelegate.convert(SQLStateConversionDelegate.java:73)
	at org.hibernate.exception.internal.StandardSQLExceptionConverter.convert(StandardSQLExceptionConverter.java:34)
	at org.hibernate.engine.jdbc.spi.SqlExceptionHelper.convert(SqlExceptionHelper.java:115)
	at org.hibernate.sql.exec.internal.StandardJdbcMutationExecutor.handleException(StandardJdbcMutationExecutor.java:95)
	at org.hibernate.sql.exec.internal.StandardJdbcMutationExecutor.execute(StandardJdbcMutationExecutor.java:84)
	at org.hibernate.query.sqm.internal.SimpleNonSelectQueryPlan.execute(SimpleNonSelectQueryPlan.java:61)
	at org.hibernate.query.sqm.internal.SimpleNonSelectQueryPlan.executeUpdate(SimpleNonSelectQueryPlan.java:56)
	at org.hibernate.query.sqm.internal.SqmQueryImpl.doExecuteUpdate(SqmQueryImpl.java:509)
	at org.hibernate.query.sqm.internal.SqmQueryImpl.executeUpdate(SqmQueryImpl.java:481)
	at org.springframework.data.jpa.repository.query.JpaQueryExecution$ModifyingExecution.doExecute(JpaQueryExecution.java:373)
	at org.springframework.data.jpa.repository.query.JpaQueryExecution.execute(JpaQueryExecution.java:99)
	at org.springframework.data.jpa.repository.query.AbstractJpaQuery.doExecute(AbstractJpaQuery.java:164)
	at org.springframework.data.jpa.repository.query.AbstractJpaQuery.execute(AbstractJpaQuery.java:154)
	at org.springframework.data.repository.core.support.RepositoryMethodInvoker.doInvoke(RepositoryMethodInvoker.java:169)
	at org.springframework.data.repository.core.support.RepositoryMethodInvoker.invoke(RepositoryMethodInvoker.java:158)
	at org.springframework.data.repository.core.support.QueryExecutorMethodInterceptor.doInvoke(QueryExecutorMethodInterceptor.java:167)
	at org.springframework.data.repository.core.support.QueryExecutorMethodInterceptor.invoke(QueryExecutorMethodInterceptor.java:146)
	at org.springframework.aop.framework.ReflectiveMethodInvocation.proceed(ReflectiveMethodInvocation.java:179)
	at org.springframework.data.projection.DefaultMethodInvokingMethodInterceptor.invoke(DefaultMethodInvokingMethodInterceptor.java:69)
	at org.springframework.aop.framework.ReflectiveMethodInvocation.proceed(ReflectiveMethodInvocation.java:179)
	at org.springframework.transaction.interceptor.TransactionAspectSupport.invokeWithinTransaction(TransactionAspectSupport.java:370)
	at org.springframework.transaction.interceptor.TransactionInterceptor.invoke(TransactionInterceptor.java:118)
	at org.springframework.aop.framework.ReflectiveMethodInvocation.proceed(ReflectiveMethodInvocation.java:179)
	at org.springframework.dao.support.PersistenceExceptionTranslationInterceptor.invoke(PersistenceExceptionTranslationInterceptor.java:135)
	... 25 common frames omitted
Caused by: org.postgresql.util.PSQLException: ERROR: new row for relation "interview_schedule" violates check constraint "interview_schedule_status_check"
  详细：Failing row contains (1, 2026-07-02 19:22:03.171302, 6, 2026-04-15 19:30:00, 2026-07-02 19:22:03.171302, 阿里巴巴, VIDEO, 李老师, https://meeting.tencent.com/abc-defg-hij, 请提前10分钟入会，准备项目介绍与系统设计案..., 后端开发工程师, EXPIRED, 6).
	at org.postgresql.core.v3.QueryExecutorImpl.receiveErrorResponse(QueryExecutorImpl.java:2736)
	at org.postgresql.core.v3.QueryExecutorImpl.processResults(QueryExecutorImpl.java:2421)
	at org.postgresql.core.v3.QueryExecutorImpl.execute(QueryExecutorImpl.java:372)
	at org.postgresql.jdbc.PgStatement.executeInternal(PgStatement.java:525)
	at org.postgresql.jdbc.PgStatement.execute(PgStatement.java:435)
	at org.postgresql.jdbc.PgPreparedStatement.executeWithFlags(PgPreparedStatement.java:196)
	at org.postgresql.jdbc.PgPreparedStatement.executeUpdate(PgPreparedStatement.java:157)
	at com.zaxxer.hikari.pool.ProxyPreparedStatement.executeUpdate(ProxyPreparedStatement.java:61)
	at com.zaxxer.hikari.pool.HikariProxyPreparedStatement.executeUpdate(HikariProxyPreparedStatement.java)
	at org.hibernate.sql.exec.internal.StandardJdbcMutationExecutor.execute(StandardJdbcMutationExecutor.java:70)
	... 44 common frames omitted

2026-07-02T19:40:34.014+08:00  WARN 45732 --- [ai-interview-platform] [   scheduling-5] org.hibernate.orm.jdbc.error             : HHH000247: ErrorCode: 0, SQLState: 23514
2026-07-02T19:40:34.014+08:00  WARN 45732 --- [ai-interview-platform] [   scheduling-5] org.hibernate.orm.jdbc.error             : ERROR: new row for relation "interview_schedule" violates check constraint "interview_schedule_status_check"
  详细：Failing row contains (1, 2026-07-02 19:22:03.171302, 6, 2026-04-15 19:30:00, 2026-07-02 19:22:03.171302, 阿里巴巴, VIDEO, 李老师, https://meeting.tencent.com/abc-defg-hij, 请提前10分钟入会，准备项目介绍与系统设计案..., 后端开发工程师, EXPIRED, 6).
2026-07-02T19:40:34.016+08:00 ERROR 45732 --- [ai-interview-platform] [   scheduling-5] o.s.s.s.TaskUtils$LoggingErrorHandler    : Unexpected error occurred in scheduled task

org.springframework.dao.DataIntegrityViolationException: JDBC exception executing SQL [ERROR: new row for relation "interview_schedule" violates check constraint "interview_schedule_status_check"
  详细：Failing row contains (1, 2026-07-02 19:22:03.171302, 6, 2026-04-15 19:30:00, 2026-07-02 19:22:03.171302, 阿里巴巴, VIDEO, 李老师, https://meeting.tencent.com/abc-defg-hij, 请提前10分钟入会，准备项目介绍与系统设计案..., 后端开发工程师, EXPIRED, 6).] [update interview_schedule ise1_0 set status=? where ise1_0.status=? and ise1_0.interview_time<?]; SQL [update interview_schedule ise1_0 set status=? where ise1_0.status=? and ise1_0.interview_time<?]; constraint [interview_schedule_status_check]
	at org.springframework.orm.jpa.hibernate.HibernateExceptionTranslator.convertHibernateAccessException(HibernateExceptionTranslator.java:169)
	at org.springframework.orm.jpa.hibernate.HibernateExceptionTranslator.convertHibernateAccessException(HibernateExceptionTranslator.java:131)
	at org.springframework.orm.jpa.hibernate.HibernateExceptionTranslator.translateExceptionIfPossible(HibernateExceptionTranslator.java:105)
	at org.springframework.orm.jpa.vendor.HibernateJpaDialect.translateExceptionIfPossible(HibernateJpaDialect.java:199)
	at org.springframework.orm.jpa.AbstractEntityManagerFactoryBean.translateExceptionIfPossible(AbstractEntityManagerFactoryBean.java:556)
	at org.springframework.dao.support.ChainedPersistenceExceptionTranslator.translateExceptionIfPossible(ChainedPersistenceExceptionTranslator.java:61)
	at org.springframework.dao.support.DataAccessUtils.translateIfNecessary(DataAccessUtils.java:346)
	at org.springframework.dao.support.PersistenceExceptionTranslationInterceptor.invoke(PersistenceExceptionTranslationInterceptor.java:157)
	at org.springframework.aop.framework.ReflectiveMethodInvocation.proceed(ReflectiveMethodInvocation.java:179)
	at org.springframework.data.jpa.repository.support.CrudMethodMetadataPostProcessor$CrudMethodMetadataPopulatingMethodInterceptor.invoke(CrudMethodMetadataPostProcessor.java:137)
	at org.springframework.aop.framework.ReflectiveMethodInvocation.proceed(ReflectiveMethodInvocation.java:179)
	at org.springframework.aop.framework.JdkDynamicAopProxy.invoke(JdkDynamicAopProxy.java:222)
	at jdk.proxy2/jdk.proxy2.$Proxy209.updateStatusByStatusAndInterviewTimeBefore(Unknown Source)
	at interview.guide.modules.interviewschedule.service.ScheduleStatusUpdater.updateExpiredInterviews(ScheduleStatusUpdater.java:22)
	at java.base/jdk.internal.reflect.DirectMethodHandleAccessor.invoke(DirectMethodHandleAccessor.java:103)
	at java.base/java.lang.reflect.Method.invoke(Method.java:580)
	at org.springframework.aop.support.AopUtils.invokeJoinpointUsingReflection(AopUtils.java:359)
	at org.springframework.aop.framework.ReflectiveMethodInvocation.invokeJoinpoint(ReflectiveMethodInvocation.java:190)
	at org.springframework.aop.framework.ReflectiveMethodInvocation.proceed(ReflectiveMethodInvocation.java:158)
	at org.springframework.transaction.interceptor.TransactionAspectSupport.invokeWithinTransaction(TransactionAspectSupport.java:370)
	at org.springframework.transaction.interceptor.TransactionInterceptor.invoke(TransactionInterceptor.java:118)
	at org.springframework.aop.framework.ReflectiveMethodInvocation.proceed(ReflectiveMethodInvocation.java:179)
	at org.springframework.aop.framework.CglibAopProxy$DynamicAdvisedInterceptor.intercept(CglibAopProxy.java:719)
	at interview.guide.modules.interviewschedule.service.ScheduleStatusUpdater$$SpringCGLIB$$0.updateExpiredInterviews(<generated>)
	at java.base/jdk.internal.reflect.DirectMethodHandleAccessor.invoke(DirectMethodHandleAccessor.java:103)
	at java.base/java.lang.reflect.Method.invoke(Method.java:580)
	at org.springframework.scheduling.support.ScheduledMethodRunnable.runInternal(ScheduledMethodRunnable.java:128)
	at org.springframework.scheduling.support.ScheduledMethodRunnable.lambda$run$1(ScheduledMethodRunnable.java:122)
	at io.micrometer.observation.Observation.observe(Observation.java:498)
	at org.springframework.scheduling.support.ScheduledMethodRunnable.run(ScheduledMethodRunnable.java:122)
	at org.springframework.scheduling.config.Task$OutcomeTrackingRunnable.run(Task.java:88)
	at org.springframework.scheduling.support.DelegatingErrorHandlingRunnable.run(DelegatingErrorHandlingRunnable.java:54)
	at java.base/java.lang.VirtualThread.run(VirtualThread.java:329)
Caused by: org.hibernate.exception.ConstraintViolationException: JDBC exception executing SQL [ERROR: new row for relation "interview_schedule" violates check constraint "interview_schedule_status_check"
  详细：Failing row contains (1, 2026-07-02 19:22:03.171302, 6, 2026-04-15 19:30:00, 2026-07-02 19:22:03.171302, 阿里巴巴, VIDEO, 李老师, https://meeting.tencent.com/abc-defg-hij, 请提前10分钟入会，准备项目介绍与系统设计案..., 后端开发工程师, EXPIRED, 6).] [update interview_schedule ise1_0 set status=? where ise1_0.status=? and ise1_0.interview_time<?]
	at org.hibernate.exception.internal.SQLStateConversionDelegate.convert(SQLStateConversionDelegate.java:73)
	at org.hibernate.exception.internal.StandardSQLExceptionConverter.convert(StandardSQLExceptionConverter.java:34)
	at org.hibernate.engine.jdbc.spi.SqlExceptionHelper.convert(SqlExceptionHelper.java:115)
	at org.hibernate.sql.exec.internal.StandardJdbcMutationExecutor.handleException(StandardJdbcMutationExecutor.java:95)
	at org.hibernate.sql.exec.internal.StandardJdbcMutationExecutor.execute(StandardJdbcMutationExecutor.java:84)
	at org.hibernate.query.sqm.internal.SimpleNonSelectQueryPlan.execute(SimpleNonSelectQueryPlan.java:61)
	at org.hibernate.query.sqm.internal.SimpleNonSelectQueryPlan.executeUpdate(SimpleNonSelectQueryPlan.java:56)
	at org.hibernate.query.sqm.internal.SqmQueryImpl.doExecuteUpdate(SqmQueryImpl.java:509)
	at org.hibernate.query.sqm.internal.SqmQueryImpl.executeUpdate(SqmQueryImpl.java:481)
	at org.springframework.data.jpa.repository.query.JpaQueryExecution$ModifyingExecution.doExecute(JpaQueryExecution.java:373)
	at org.springframework.data.jpa.repository.query.JpaQueryExecution.execute(JpaQueryExecution.java:99)
	at org.springframework.data.jpa.repository.query.AbstractJpaQuery.doExecute(AbstractJpaQuery.java:164)
	at org.springframework.data.jpa.repository.query.AbstractJpaQuery.execute(AbstractJpaQuery.java:154)
	at org.springframework.data.repository.core.support.RepositoryMethodInvoker.doInvoke(RepositoryMethodInvoker.java:169)
	at org.springframework.data.repository.core.support.RepositoryMethodInvoker.invoke(RepositoryMethodInvoker.java:158)
	at org.springframework.data.repository.core.support.QueryExecutorMethodInterceptor.doInvoke(QueryExecutorMethodInterceptor.java:167)
	at org.springframework.data.repository.core.support.QueryExecutorMethodInterceptor.invoke(QueryExecutorMethodInterceptor.java:146)
	at org.springframework.aop.framework.ReflectiveMethodInvocation.proceed(ReflectiveMethodInvocation.java:179)
	at org.springframework.data.projection.DefaultMethodInvokingMethodInterceptor.invoke(DefaultMethodInvokingMethodInterceptor.java:69)
	at org.springframework.aop.framework.ReflectiveMethodInvocation.proceed(ReflectiveMethodInvocation.java:179)
	at org.springframework.transaction.interceptor.TransactionAspectSupport.invokeWithinTransaction(TransactionAspectSupport.java:370)
	at org.springframework.transaction.interceptor.TransactionInterceptor.invoke(TransactionInterceptor.java:118)
	at org.springframework.aop.framework.ReflectiveMethodInvocation.proceed(ReflectiveMethodInvocation.java:179)
	at org.springframework.dao.support.PersistenceExceptionTranslationInterceptor.invoke(PersistenceExceptionTranslationInterceptor.java:135)
	... 25 common frames omitted
Caused by: org.postgresql.util.PSQLException: ERROR: new row for relation "interview_schedule" violates check constraint "interview_schedule_status_check"
  详细：Failing row contains (1, 2026-07-02 19:22:03.171302, 6, 2026-04-15 19:30:00, 2026-07-02 19:22:03.171302, 阿里巴巴, VIDEO, 李老师, https://meeting.tencent.com/abc-defg-hij, 请提前10分钟入会，准备项目介绍与系统设计案..., 后端开发工程师, EXPIRED, 6).
	at org.postgresql.core.v3.QueryExecutorImpl.receiveErrorResponse(QueryExecutorImpl.java:2736)
	at org.postgresql.core.v3.QueryExecutorImpl.processResults(QueryExecutorImpl.java:2421)
	at org.postgresql.core.v3.QueryExecutorImpl.execute(QueryExecutorImpl.java:372)
	at org.postgresql.jdbc.PgStatement.executeInternal(PgStatement.java:525)
	at org.postgresql.jdbc.PgStatement.execute(PgStatement.java:435)
	at org.postgresql.jdbc.PgPreparedStatement.executeWithFlags(PgPreparedStatement.java:196)
	at org.postgresql.jdbc.PgPreparedStatement.executeUpdate(PgPreparedStatement.java:157)
	at com.zaxxer.hikari.pool.ProxyPreparedStatement.executeUpdate(ProxyPreparedStatement.java:61)
	at com.zaxxer.hikari.pool.HikariProxyPreparedStatement.executeUpdate(HikariProxyPreparedStatement.java)
	at org.hibernate.sql.exec.internal.StandardJdbcMutationExecutor.execute(StandardJdbcMutationExecutor.java:70)
	... 44 common frames omitted

2026-07-02T19:40:35.008+08:00  WARN 45732 --- [ai-interview-platform] [   scheduling-6] org.hibernate.orm.jdbc.error             : HHH000247: ErrorCode: 0, SQLState: 23514
2026-07-02T19:40:35.008+08:00  WARN 45732 --- [ai-interview-platform] [   scheduling-6] org.hibernate.orm.jdbc.error             : ERROR: new row for relation "interview_schedule" violates check constraint "interview_schedule_status_check"
  详细：Failing row contains (1, 2026-07-02 19:22:03.171302, 6, 2026-04-15 19:30:00, 2026-07-02 19:22:03.171302, 阿里巴巴, VIDEO, 李老师, https://meeting.tencent.com/abc-defg-hij, 请提前10分钟入会，准备项目介绍与系统设计案..., 后端开发工程师, EXPIRED, 6).
2026-07-02T19:40:35.011+08:00 ERROR 45732 --- [ai-interview-platform] [   scheduling-6] o.s.s.s.TaskUtils$LoggingErrorHandler    : Unexpected error occurred in scheduled task

org.springframework.dao.DataIntegrityViolationException: JDBC exception executing SQL [ERROR: new row for relation "interview_schedule" violates check constraint "interview_schedule_status_check"
  详细：Failing row contains (1, 2026-07-02 19:22:03.171302, 6, 2026-04-15 19:30:00, 2026-07-02 19:22:03.171302, 阿里巴巴, VIDEO, 李老师, https://meeting.tencent.com/abc-defg-hij, 请提前10分钟入会，准备项目介绍与系统设计案..., 后端开发工程师, EXPIRED, 6).] [update interview_schedule ise1_0 set status=? where ise1_0.status=? and ise1_0.interview_time<?]; SQL [update interview_schedule ise1_0 set status=? where ise1_0.status=? and ise1_0.interview_time<?]; constraint [interview_schedule_status_check]
	at org.springframework.orm.jpa.hibernate.HibernateExceptionTranslator.convertHibernateAccessException(HibernateExceptionTranslator.java:169)
	at org.springframework.orm.jpa.hibernate.HibernateExceptionTranslator.convertHibernateAccessException(HibernateExceptionTranslator.java:131)
	at org.springframework.orm.jpa.hibernate.HibernateExceptionTranslator.translateExceptionIfPossible(HibernateExceptionTranslator.java:105)
	at org.springframework.orm.jpa.vendor.HibernateJpaDialect.translateExceptionIfPossible(HibernateJpaDialect.java:199)
	at org.springframework.orm.jpa.AbstractEntityManagerFactoryBean.translateExceptionIfPossible(AbstractEntityManagerFactoryBean.java:556)
	at org.springframework.dao.support.ChainedPersistenceExceptionTranslator.translateExceptionIfPossible(ChainedPersistenceExceptionTranslator.java:61)
	at org.springframework.dao.support.DataAccessUtils.translateIfNecessary(DataAccessUtils.java:346)
	at org.springframework.dao.support.PersistenceExceptionTranslationInterceptor.invoke(PersistenceExceptionTranslationInterceptor.java:157)
	at org.springframework.aop.framework.ReflectiveMethodInvocation.proceed(ReflectiveMethodInvocation.java:179)
	at org.springframework.data.jpa.repository.support.CrudMethodMetadataPostProcessor$CrudMethodMetadataPopulatingMethodInterceptor.invoke(CrudMethodMetadataPostProcessor.java:137)
	at org.springframework.aop.framework.ReflectiveMethodInvocation.proceed(ReflectiveMethodInvocation.java:179)
	at org.springframework.aop.framework.JdkDynamicAopProxy.invoke(JdkDynamicAopProxy.java:222)
	at jdk.proxy2/jdk.proxy2.$Proxy209.updateStatusByStatusAndInterviewTimeBefore(Unknown Source)
	at interview.guide.modules.interviewschedule.service.ScheduleStatusUpdater.updateExpiredInterviews(ScheduleStatusUpdater.java:22)
	at java.base/jdk.internal.reflect.DirectMethodHandleAccessor.invoke(DirectMethodHandleAccessor.java:103)
	at java.base/java.lang.reflect.Method.invoke(Method.java:580)
	at org.springframework.aop.support.AopUtils.invokeJoinpointUsingReflection(AopUtils.java:359)
	at org.springframework.aop.framework.ReflectiveMethodInvocation.invokeJoinpoint(ReflectiveMethodInvocation.java:190)
	at org.springframework.aop.framework.ReflectiveMethodInvocation.proceed(ReflectiveMethodInvocation.java:158)
	at org.springframework.transaction.interceptor.TransactionAspectSupport.invokeWithinTransaction(TransactionAspectSupport.java:370)
	at org.springframework.transaction.interceptor.TransactionInterceptor.invoke(TransactionInterceptor.java:118)
	at org.springframework.aop.framework.ReflectiveMethodInvocation.proceed(ReflectiveMethodInvocation.java:179)
	at org.springframework.aop.framework.CglibAopProxy$DynamicAdvisedInterceptor.intercept(CglibAopProxy.java:719)
	at interview.guide.modules.interviewschedule.service.ScheduleStatusUpdater$$SpringCGLIB$$0.updateExpiredInterviews(<generated>)
	at java.base/jdk.internal.reflect.DirectMethodHandleAccessor.invoke(DirectMethodHandleAccessor.java:103)
	at java.base/java.lang.reflect.Method.invoke(Method.java:580)
	at org.springframework.scheduling.support.ScheduledMethodRunnable.runInternal(ScheduledMethodRunnable.java:128)
	at org.springframework.scheduling.support.ScheduledMethodRunnable.lambda$run$1(ScheduledMethodRunnable.java:122)
	at io.micrometer.observation.Observation.observe(Observation.java:498)
	at org.springframework.scheduling.support.ScheduledMethodRunnable.run(ScheduledMethodRunnable.java:122)
	at org.springframework.scheduling.config.Task$OutcomeTrackingRunnable.run(Task.java:88)
	at org.springframework.scheduling.support.DelegatingErrorHandlingRunnable.run(DelegatingErrorHandlingRunnable.java:54)
	at java.base/java.lang.VirtualThread.run(VirtualThread.java:329)
Caused by: org.hibernate.exception.ConstraintViolationException: JDBC exception executing SQL [ERROR: new row for relation "interview_schedule" violates check constraint "interview_schedule_status_check"
  详细：Failing row contains (1, 2026-07-02 19:22:03.171302, 6, 2026-04-15 19:30:00, 2026-07-02 19:22:03.171302, 阿里巴巴, VIDEO, 李老师, https://meeting.tencent.com/abc-defg-hij, 请提前10分钟入会，准备项目介绍与系统设计案..., 后端开发工程师, EXPIRED, 6).] [update interview_schedule ise1_0 set status=? where ise1_0.status=? and ise1_0.interview_time<?]
	at org.hibernate.exception.internal.SQLStateConversionDelegate.convert(SQLStateConversionDelegate.java:73)
	at org.hibernate.exception.internal.StandardSQLExceptionConverter.convert(StandardSQLExceptionConverter.java:34)
	at org.hibernate.engine.jdbc.spi.SqlExceptionHelper.convert(SqlExceptionHelper.java:115)
	at org.hibernate.sql.exec.internal.StandardJdbcMutationExecutor.handleException(StandardJdbcMutationExecutor.java:95)
	at org.hibernate.sql.exec.internal.StandardJdbcMutationExecutor.execute(StandardJdbcMutationExecutor.java:84)
	at org.hibernate.query.sqm.internal.SimpleNonSelectQueryPlan.execute(SimpleNonSelectQueryPlan.java:61)
	at org.hibernate.query.sqm.internal.SimpleNonSelectQueryPlan.executeUpdate(SimpleNonSelectQueryPlan.java:56)
	at org.hibernate.query.sqm.internal.SqmQueryImpl.doExecuteUpdate(SqmQueryImpl.java:509)
	at org.hibernate.query.sqm.internal.SqmQueryImpl.executeUpdate(SqmQueryImpl.java:481)
	at org.springframework.data.jpa.repository.query.JpaQueryExecution$ModifyingExecution.doExecute(JpaQueryExecution.java:373)
	at org.springframework.data.jpa.repository.query.JpaQueryExecution.execute(JpaQueryExecution.java:99)
	at org.springframework.data.jpa.repository.query.AbstractJpaQuery.doExecute(AbstractJpaQuery.java:164)
	at org.springframework.data.jpa.repository.query.AbstractJpaQuery.execute(AbstractJpaQuery.java:154)
	at org.springframework.data.repository.core.support.RepositoryMethodInvoker.doInvoke(RepositoryMethodInvoker.java:169)
	at org.springframework.data.repository.core.support.RepositoryMethodInvoker.invoke(RepositoryMethodInvoker.java:158)
	at org.springframework.data.repository.core.support.QueryExecutorMethodInterceptor.doInvoke(QueryExecutorMethodInterceptor.java:167)
	at org.springframework.data.repository.core.support.QueryExecutorMethodInterceptor.invoke(QueryExecutorMethodInterceptor.java:146)
	at org.springframework.aop.framework.ReflectiveMethodInvocation.proceed(ReflectiveMethodInvocation.java:179)
	at org.springframework.data.projection.DefaultMethodInvokingMethodInterceptor.invoke(DefaultMethodInvokingMethodInterceptor.java:69)
	at org.springframework.aop.framework.ReflectiveMethodInvocation.proceed(ReflectiveMethodInvocation.java:179)
	at org.springframework.transaction.interceptor.TransactionAspectSupport.invokeWithinTransaction(TransactionAspectSupport.java:370)
	at org.springframework.transaction.interceptor.TransactionInterceptor.invoke(TransactionInterceptor.java:118)
	at org.springframework.aop.framework.ReflectiveMethodInvocation.proceed(ReflectiveMethodInvocation.java:179)
	at org.springframework.dao.support.PersistenceExceptionTranslationInterceptor.invoke(PersistenceExceptionTranslationInterceptor.java:135)
	... 25 common frames omitted
Caused by: org.postgresql.util.PSQLException: ERROR: new row for relation "interview_schedule" violates check constraint "interview_schedule_status_check"
  详细：Failing row contains (1, 2026-07-02 19:22:03.171302, 6, 2026-04-15 19:30:00, 2026-07-02 19:22:03.171302, 阿里巴巴, VIDEO, 李老师, https://meeting.tencent.com/abc-defg-hij, 请提前10分钟入会，准备项目介绍与系统设计案..., 后端开发工程师, EXPIRED, 6).
	at org.postgresql.core.v3.QueryExecutorImpl.receiveErrorResponse(QueryExecutorImpl.java:2736)
	at org.postgresql.core.v3.QueryExecutorImpl.processResults(QueryExecutorImpl.java:2421)
	at org.postgresql.core.v3.QueryExecutorImpl.execute(QueryExecutorImpl.java:372)
	at org.postgresql.jdbc.PgStatement.executeInternal(PgStatement.java:525)
	at org.postgresql.jdbc.PgStatement.execute(PgStatement.java:435)
	at org.postgresql.jdbc.PgPreparedStatement.executeWithFlags(PgPreparedStatement.java:196)
	at org.postgresql.jdbc.PgPreparedStatement.executeUpdate(PgPreparedStatement.java:157)
	at com.zaxxer.hikari.pool.ProxyPreparedStatement.executeUpdate(ProxyPreparedStatement.java:61)
	at com.zaxxer.hikari.pool.HikariProxyPreparedStatement.executeUpdate(HikariProxyPreparedStatement.java)
	at org.hibernate.sql.exec.internal.StandardJdbcMutationExecutor.execute(StandardJdbcMutationExecutor.java:70)
	... 44 common frames omitted

2026-07-02T19:40:36.008+08:00  WARN 45732 --- [ai-interview-platform] [   scheduling-7] org.hibernate.orm.jdbc.error             : HHH000247: ErrorCode: 0, SQLState: 23514
2026-07-02T19:40:36.008+08:00  WARN 45732 --- [ai-interview-platform] [   scheduling-7] org.hibernate.orm.jdbc.error             : ERROR: new row for relation "interview_schedule" violates check constraint "interview_schedule_status_check"
  详细：Failing row contains (1, 2026-07-02 19:22:03.171302, 6, 2026-04-15 19:30:00, 2026-07-02 19:22:03.171302, 阿里巴巴, VIDEO, 李老师, https://meeting.tencent.com/abc-defg-hij, 请提前10分钟入会，准备项目介绍与系统设计案..., 后端开发工程师, EXPIRED, 6).
2026-07-02T19:40:36.011+08:00 ERROR 45732 --- [ai-interview-platform] [   scheduling-7] o.s.s.s.TaskUtils$LoggingErrorHandler    : Unexpected error occurred in scheduled task

org.springframework.dao.DataIntegrityViolationException: JDBC exception executing SQL [ERROR: new row for relation "interview_schedule" violates check constraint "interview_schedule_status_check"
  详细：Failing row contains (1, 2026-07-02 19:22:03.171302, 6, 2026-04-15 19:30:00, 2026-07-02 19:22:03.171302, 阿里巴巴, VIDEO, 李老师, https://meeting.tencent.com/abc-defg-hij, 请提前10分钟入会，准备项目介绍与系统设计案..., 后端开发工程师, EXPIRED, 6).] [update interview_schedule ise1_0 set status=? where ise1_0.status=? and ise1_0.interview_time<?]; SQL [update interview_schedule ise1_0 set status=? where ise1_0.status=? and ise1_0.interview_time<?]; constraint [interview_schedule_status_check]
	at org.springframework.orm.jpa.hibernate.HibernateExceptionTranslator.convertHibernateAccessException(HibernateExceptionTranslator.java:169)
	at org.springframework.orm.jpa.hibernate.HibernateExceptionTranslator.convertHibernateAccessException(HibernateExceptionTranslator.java:131)
	at org.springframework.orm.jpa.hibernate.HibernateExceptionTranslator.translateExceptionIfPossible(HibernateExceptionTranslator.java:105)
	at org.springframework.orm.jpa.vendor.HibernateJpaDialect.translateExceptionIfPossible(HibernateJpaDialect.java:199)
	at org.springframework.orm.jpa.AbstractEntityManagerFactoryBean.translateExceptionIfPossible(AbstractEntityManagerFactoryBean.java:556)
	at org.springframework.dao.support.ChainedPersistenceExceptionTranslator.translateExceptionIfPossible(ChainedPersistenceExceptionTranslator.java:61)
	at org.springframework.dao.support.DataAccessUtils.translateIfNecessary(DataAccessUtils.java:346)
	at org.springframework.dao.support.PersistenceExceptionTranslationInterceptor.invoke(PersistenceExceptionTranslationInterceptor.java:157)
	at org.springframework.aop.framework.ReflectiveMethodInvocation.proceed(ReflectiveMethodInvocation.java:179)
	at org.springframework.data.jpa.repository.support.CrudMethodMetadataPostProcessor$CrudMethodMetadataPopulatingMethodInterceptor.invoke(CrudMethodMetadataPostProcessor.java:137)
	at org.springframework.aop.framework.ReflectiveMethodInvocation.proceed(ReflectiveMethodInvocation.java:179)
	at org.springframework.aop.framework.JdkDynamicAopProxy.invoke(JdkDynamicAopProxy.java:222)
	at jdk.proxy2/jdk.proxy2.$Proxy209.updateStatusByStatusAndInterviewTimeBefore(Unknown Source)
	at interview.guide.modules.interviewschedule.service.ScheduleStatusUpdater.updateExpiredInterviews(ScheduleStatusUpdater.java:22)
	at java.base/jdk.internal.reflect.DirectMethodHandleAccessor.invoke(DirectMethodHandleAccessor.java:103)
	at java.base/java.lang.reflect.Method.invoke(Method.java:580)
	at org.springframework.aop.support.AopUtils.invokeJoinpointUsingReflection(AopUtils.java:359)
	at org.springframework.aop.framework.ReflectiveMethodInvocation.invokeJoinpoint(ReflectiveMethodInvocation.java:190)
	at org.springframework.aop.framework.ReflectiveMethodInvocation.proceed(ReflectiveMethodInvocation.java:158)
	at org.springframework.transaction.interceptor.TransactionAspectSupport.invokeWithinTransaction(TransactionAspectSupport.java:370)
	at org.springframework.transaction.interceptor.TransactionInterceptor.invoke(TransactionInterceptor.java:118)
	at org.springframework.aop.framework.ReflectiveMethodInvocation.proceed(ReflectiveMethodInvocation.java:179)
	at org.springframework.aop.framework.CglibAopProxy$DynamicAdvisedInterceptor.intercept(CglibAopProxy.java:719)
	at interview.guide.modules.interviewschedule.service.ScheduleStatusUpdater$$SpringCGLIB$$0.updateExpiredInterviews(<generated>)
	at java.base/jdk.internal.reflect.DirectMethodHandleAccessor.invoke(DirectMethodHandleAccessor.java:103)
	at java.base/java.lang.reflect.Method.invoke(Method.java:580)
	at org.springframework.scheduling.support.ScheduledMethodRunnable.runInternal(ScheduledMethodRunnable.java:128)
	at org.springframework.scheduling.support.ScheduledMethodRunnable.lambda$run$1(ScheduledMethodRunnable.java:122)
	at io.micrometer.observation.Observation.observe(Observation.java:498)
	at org.springframework.scheduling.support.ScheduledMethodRunnable.run(ScheduledMethodRunnable.java:122)
	at org.springframework.scheduling.config.Task$OutcomeTrackingRunnable.run(Task.java:88)
	at org.springframework.scheduling.support.DelegatingErrorHandlingRunnable.run(DelegatingErrorHandlingRunnable.java:54)
	at java.base/java.lang.VirtualThread.run(VirtualThread.java:329)
Caused by: org.hibernate.exception.ConstraintViolationException: JDBC exception executing SQL [ERROR: new row for relation "interview_schedule" violates check constraint "interview_schedule_status_check"
  详细：Failing row contains (1, 2026-07-02 19:22:03.171302, 6, 2026-04-15 19:30:00, 2026-07-02 19:22:03.171302, 阿里巴巴, VIDEO, 李老师, https://meeting.tencent.com/abc-defg-hij, 请提前10分钟入会，准备项目介绍与系统设计案..., 后端开发工程师, EXPIRED, 6).] [update interview_schedule ise1_0 set status=? where ise1_0.status=? and ise1_0.interview_time<?]
	at org.hibernate.exception.internal.SQLStateConversionDelegate.convert(SQLStateConversionDelegate.java:73)
	at org.hibernate.exception.internal.StandardSQLExceptionConverter.convert(StandardSQLExceptionConverter.java:34)
	at org.hibernate.engine.jdbc.spi.SqlExceptionHelper.convert(SqlExceptionHelper.java:115)
	at org.hibernate.sql.exec.internal.StandardJdbcMutationExecutor.handleException(StandardJdbcMutationExecutor.java:95)
	at org.hibernate.sql.exec.internal.StandardJdbcMutationExecutor.execute(StandardJdbcMutationExecutor.java:84)
	at org.hibernate.query.sqm.internal.SimpleNonSelectQueryPlan.execute(SimpleNonSelectQueryPlan.java:61)
	at org.hibernate.query.sqm.internal.SimpleNonSelectQueryPlan.executeUpdate(SimpleNonSelectQueryPlan.java:56)
	at org.hibernate.query.sqm.internal.SqmQueryImpl.doExecuteUpdate(SqmQueryImpl.java:509)
	at org.hibernate.query.sqm.internal.SqmQueryImpl.executeUpdate(SqmQueryImpl.java:481)
	at org.springframework.data.jpa.repository.query.JpaQueryExecution$ModifyingExecution.doExecute(JpaQueryExecution.java:373)
	at org.springframework.data.jpa.repository.query.JpaQueryExecution.execute(JpaQueryExecution.java:99)
	at org.springframework.data.jpa.repository.query.AbstractJpaQuery.doExecute(AbstractJpaQuery.java:164)
	at org.springframework.data.jpa.repository.query.AbstractJpaQuery.execute(AbstractJpaQuery.java:154)
	at org.springframework.data.repository.core.support.RepositoryMethodInvoker.doInvoke(RepositoryMethodInvoker.java:169)
	at org.springframework.data.repository.core.support.RepositoryMethodInvoker.invoke(RepositoryMethodInvoker.java:158)
	at org.springframework.data.repository.core.support.QueryExecutorMethodInterceptor.doInvoke(QueryExecutorMethodInterceptor.java:167)
	at org.springframework.data.repository.core.support.QueryExecutorMethodInterceptor.invoke(QueryExecutorMethodInterceptor.java:146)
	at org.springframework.aop.framework.ReflectiveMethodInvocation.proceed(ReflectiveMethodInvocation.java:179)
	at org.springframework.data.projection.DefaultMethodInvokingMethodInterceptor.invoke(DefaultMethodInvokingMethodInterceptor.java:69)
	at org.springframework.aop.framework.ReflectiveMethodInvocation.proceed(ReflectiveMethodInvocation.java:179)
	at org.springframework.transaction.interceptor.TransactionAspectSupport.invokeWithinTransaction(TransactionAspectSupport.java:370)
	at org.springframework.transaction.interceptor.TransactionInterceptor.invoke(TransactionInterceptor.java:118)
	at org.springframework.aop.framework.ReflectiveMethodInvocation.proceed(ReflectiveMethodInvocation.java:179)
	at org.springframework.dao.support.PersistenceExceptionTranslationInterceptor.invoke(PersistenceExceptionTranslationInterceptor.java:135)
	... 25 common frames omitted
Caused by: org.postgresql.util.PSQLException: ERROR: new row for relation "interview_schedule" violates check constraint "interview_schedule_status_check"
  详细：Failing row contains (1, 2026-07-02 19:22:03.171302, 6, 2026-04-15 19:30:00, 2026-07-02 19:22:03.171302, 阿里巴巴, VIDEO, 李老师, https://meeting.tencent.com/abc-defg-hij, 请提前10分钟入会，准备项目介绍与系统设计案..., 后端开发工程师, EXPIRED, 6).
	at org.postgresql.core.v3.QueryExecutorImpl.receiveErrorResponse(QueryExecutorImpl.java:2736)
	at org.postgresql.core.v3.QueryExecutorImpl.processResults(QueryExecutorImpl.java:2421)
	at org.postgresql.core.v3.QueryExecutorImpl.execute(QueryExecutorImpl.java:372)
	at org.postgresql.jdbc.PgStatement.executeInternal(PgStatement.java:525)
	at org.postgresql.jdbc.PgStatement.execute(PgStatement.java:435)
	at org.postgresql.jdbc.PgPreparedStatement.executeWithFlags(PgPreparedStatement.java:196)
	at org.postgresql.jdbc.PgPreparedStatement.executeUpdate(PgPreparedStatement.java:157)
	at com.zaxxer.hikari.pool.ProxyPreparedStatement.executeUpdate(ProxyPreparedStatement.java:61)
	at com.zaxxer.hikari.pool.HikariProxyPreparedStatement.executeUpdate(HikariProxyPreparedStatement.java)
	at org.hibernate.sql.exec.internal.StandardJdbcMutationExecutor.execute(StandardJdbcMutationExecutor.java:70)
	... 44 common frames omitted

2026-07-02T19:40:37.016+08:00  WARN 45732 --- [ai-interview-platform] [   scheduling-8] org.hibernate.orm.jdbc.error             : HHH000247: ErrorCode: 0, SQLState: 23514
2026-07-02T19:40:37.016+08:00  WARN 45732 --- [ai-interview-platform] [   scheduling-8] org.hibernate.orm.jdbc.error             : ERROR: new row for relation "interview_schedule" violates check constraint "interview_schedule_status_check"
  详细：Failing row contains (1, 2026-07-02 19:22:03.171302, 6, 2026-04-15 19:30:00, 2026-07-02 19:22:03.171302, 阿里巴巴, VIDEO, 李老师, https://meeting.tencent.com/abc-defg-hij, 请提前10分钟入会，准备项目介绍与系统设计案..., 后端开发工程师, EXPIRED, 6).
2026-07-02T19:40:37.018+08:00 ERROR 45732 --- [ai-interview-platform] [   scheduling-8] o.s.s.s.TaskUtils$LoggingErrorHandler    : Unexpected error occurred in scheduled task

org.springframework.dao.DataIntegrityViolationException: JDBC exception executing SQL [ERROR: new row for relation "interview_schedule" violates check constraint "interview_schedule_status_check"
  详细：Failing row contains (1, 2026-07-02 19:22:03.171302, 6, 2026-04-15 19:30:00, 2026-07-02 19:22:03.171302, 阿里巴巴, VIDEO, 李老师, https://meeting.tencent.com/abc-defg-hij, 请提前10分钟入会，准备项目介绍与系统设计案..., 后端开发工程师, EXPIRED, 6).] [update interview_schedule ise1_0 set status=? where ise1_0.status=? and ise1_0.interview_time<?]; SQL [update interview_schedule ise1_0 set status=? where ise1_0.status=? and ise1_0.interview_time<?]; constraint [interview_schedule_status_check]
	at org.springframework.orm.jpa.hibernate.HibernateExceptionTranslator.convertHibernateAccessException(HibernateExceptionTranslator.java:169)
	at org.springframework.orm.jpa.hibernate.HibernateExceptionTranslator.convertHibernateAccessException(HibernateExceptionTranslator.java:131)
	at org.springframework.orm.jpa.hibernate.HibernateExceptionTranslator.translateExceptionIfPossible(HibernateExceptionTranslator.java:105)
	at org.springframework.orm.jpa.vendor.HibernateJpaDialect.translateExceptionIfPossible(HibernateJpaDialect.java:199)
	at org.springframework.orm.jpa.AbstractEntityManagerFactoryBean.translateExceptionIfPossible(AbstractEntityManagerFactoryBean.java:556)
	at org.springframework.dao.support.ChainedPersistenceExceptionTranslator.translateExceptionIfPossible(ChainedPersistenceExceptionTranslator.java:61)
	at org.springframework.dao.support.DataAccessUtils.translateIfNecessary(DataAccessUtils.java:346)
	at org.springframework.dao.support.PersistenceExceptionTranslationInterceptor.invoke(PersistenceExceptionTranslationInterceptor.java:157)
	at org.springframework.aop.framework.ReflectiveMethodInvocation.proceed(ReflectiveMethodInvocation.java:179)
	at org.springframework.data.jpa.repository.support.CrudMethodMetadataPostProcessor$CrudMethodMetadataPopulatingMethodInterceptor.invoke(CrudMethodMetadataPostProcessor.java:137)
	at org.springframework.aop.framework.ReflectiveMethodInvocation.proceed(ReflectiveMethodInvocation.java:179)
	at org.springframework.aop.framework.JdkDynamicAopProxy.invoke(JdkDynamicAopProxy.java:222)
	at jdk.proxy2/jdk.proxy2.$Proxy209.updateStatusByStatusAndInterviewTimeBefore(Unknown Source)
	at interview.guide.modules.interviewschedule.service.ScheduleStatusUpdater.updateExpiredInterviews(ScheduleStatusUpdater.java:22)
	at java.base/jdk.internal.reflect.DirectMethodHandleAccessor.invoke(DirectMethodHandleAccessor.java:103)
	at java.base/java.lang.reflect.Method.invoke(Method.java:580)
	at org.springframework.aop.support.AopUtils.invokeJoinpointUsingReflection(AopUtils.java:359)
	at org.springframework.aop.framework.ReflectiveMethodInvocation.invokeJoinpoint(ReflectiveMethodInvocation.java:190)
	at org.springframework.aop.framework.ReflectiveMethodInvocation.proceed(ReflectiveMethodInvocation.java:158)
	at org.springframework.transaction.interceptor.TransactionAspectSupport.invokeWithinTransaction(TransactionAspectSupport.java:370)
	at org.springframework.transaction.interceptor.TransactionInterceptor.invoke(TransactionInterceptor.java:118)
	at org.springframework.aop.framework.ReflectiveMethodInvocation.proceed(ReflectiveMethodInvocation.java:179)
	at org.springframework.aop.framework.CglibAopProxy$DynamicAdvisedInterceptor.intercept(CglibAopProxy.java:719)
	at interview.guide.modules.interviewschedule.service.ScheduleStatusUpdater$$SpringCGLIB$$0.updateExpiredInterviews(<generated>)
	at java.base/jdk.internal.reflect.DirectMethodHandleAccessor.invoke(DirectMethodHandleAccessor.java:103)
	at java.base/java.lang.reflect.Method.invoke(Method.java:580)
	at org.springframework.scheduling.support.ScheduledMethodRunnable.runInternal(ScheduledMethodRunnable.java:128)
	at org.springframework.scheduling.support.ScheduledMethodRunnable.lambda$run$1(ScheduledMethodRunnable.java:122)
	at io.micrometer.observation.Observation.observe(Observation.java:498)
	at org.springframework.scheduling.support.ScheduledMethodRunnable.run(ScheduledMethodRunnable.java:122)
	at org.springframework.scheduling.config.Task$OutcomeTrackingRunnable.run(Task.java:88)
	at org.springframework.scheduling.support.DelegatingErrorHandlingRunnable.run(DelegatingErrorHandlingRunnable.java:54)
	at java.base/java.lang.VirtualThread.run(VirtualThread.java:329)
Caused by: org.hibernate.exception.ConstraintViolationException: JDBC exception executing SQL [ERROR: new row for relation "interview_schedule" violates check constraint "interview_schedule_status_check"
  详细：Failing row contains (1, 2026-07-02 19:22:03.171302, 6, 2026-04-15 19:30:00, 2026-07-02 19:22:03.171302, 阿里巴巴, VIDEO, 李老师, https://meeting.tencent.com/abc-defg-hij, 请提前10分钟入会，准备项目介绍与系统设计案..., 后端开发工程师, EXPIRED, 6).] [update interview_schedule ise1_0 set status=? where ise1_0.status=? and ise1_0.interview_time<?]
	at org.hibernate.exception.internal.SQLStateConversionDelegate.convert(SQLStateConversionDelegate.java:73)
	at org.hibernate.exception.internal.StandardSQLExceptionConverter.convert(StandardSQLExceptionConverter.java:34)
	at org.hibernate.engine.jdbc.spi.SqlExceptionHelper.convert(SqlExceptionHelper.java:115)
	at org.hibernate.sql.exec.internal.StandardJdbcMutationExecutor.handleException(StandardJdbcMutationExecutor.java:95)
	at org.hibernate.sql.exec.internal.StandardJdbcMutationExecutor.execute(StandardJdbcMutationExecutor.java:84)
	at org.hibernate.query.sqm.internal.SimpleNonSelectQueryPlan.execute(SimpleNonSelectQueryPlan.java:61)
	at org.hibernate.query.sqm.internal.SimpleNonSelectQueryPlan.executeUpdate(SimpleNonSelectQueryPlan.java:56)
	at org.hibernate.query.sqm.internal.SqmQueryImpl.doExecuteUpdate(SqmQueryImpl.java:509)
	at org.hibernate.query.sqm.internal.SqmQueryImpl.executeUpdate(SqmQueryImpl.java:481)
	at org.springframework.data.jpa.repository.query.JpaQueryExecution$ModifyingExecution.doExecute(JpaQueryExecution.java:373)
	at org.springframework.data.jpa.repository.query.JpaQueryExecution.execute(JpaQueryExecution.java:99)
	at org.springframework.data.jpa.repository.query.AbstractJpaQuery.doExecute(AbstractJpaQuery.java:164)
	at org.springframework.data.jpa.repository.query.AbstractJpaQuery.execute(AbstractJpaQuery.java:154)
	at org.springframework.data.repository.core.support.RepositoryMethodInvoker.doInvoke(RepositoryMethodInvoker.java:169)
	at org.springframework.data.repository.core.support.RepositoryMethodInvoker.invoke(RepositoryMethodInvoker.java:158)
	at org.springframework.data.repository.core.support.QueryExecutorMethodInterceptor.doInvoke(QueryExecutorMethodInterceptor.java:167)
	at org.springframework.data.repository.core.support.QueryExecutorMethodInterceptor.invoke(QueryExecutorMethodInterceptor.java:146)
	at org.springframework.aop.framework.ReflectiveMethodInvocation.proceed(ReflectiveMethodInvocation.java:179)
	at org.springframework.data.projection.DefaultMethodInvokingMethodInterceptor.invoke(DefaultMethodInvokingMethodInterceptor.java:69)
	at org.springframework.aop.framework.ReflectiveMethodInvocation.proceed(ReflectiveMethodInvocation.java:179)
	at org.springframework.transaction.interceptor.TransactionAspectSupport.invokeWithinTransaction(TransactionAspectSupport.java:370)
	at org.springframework.transaction.interceptor.TransactionInterceptor.invoke(TransactionInterceptor.java:118)
	at org.springframework.aop.framework.ReflectiveMethodInvocation.proceed(ReflectiveMethodInvocation.java:179)
	at org.springframework.dao.support.PersistenceExceptionTranslationInterceptor.invoke(PersistenceExceptionTranslationInterceptor.java:135)
	... 25 common frames omitted
Caused by: org.postgresql.util.PSQLException: ERROR: new row for relation "interview_schedule" violates check constraint "interview_schedule_status_check"
  详细：Failing row contains (1, 2026-07-02 19:22:03.171302, 6, 2026-04-15 19:30:00, 2026-07-02 19:22:03.171302, 阿里巴巴, VIDEO, 李老师, https://meeting.tencent.com/abc-defg-hij, 请提前10分钟入会，准备项目介绍与系统设计案..., 后端开发工程师, EXPIRED, 6).
	at org.postgresql.core.v3.QueryExecutorImpl.receiveErrorResponse(QueryExecutorImpl.java:2736)
	at org.postgresql.core.v3.QueryExecutorImpl.processResults(QueryExecutorImpl.java:2421)
	at org.postgresql.core.v3.QueryExecutorImpl.execute(QueryExecutorImpl.java:372)
	at org.postgresql.jdbc.PgStatement.executeInternal(PgStatement.java:525)
	at org.postgresql.jdbc.PgStatement.execute(PgStatement.java:435)
	at org.postgresql.jdbc.PgPreparedStatement.executeWithFlags(PgPreparedStatement.java:196)
	at org.postgresql.jdbc.PgPreparedStatement.executeUpdate(PgPreparedStatement.java:157)
	at com.zaxxer.hikari.pool.ProxyPreparedStatement.executeUpdate(ProxyPreparedStatement.java:61)
	at com.zaxxer.hikari.pool.HikariProxyPreparedStatement.executeUpdate(HikariProxyPreparedStatement.java)
	at org.hibernate.sql.exec.internal.StandardJdbcMutationExecutor.execute(StandardJdbcMutationExecutor.java:70)
	... 44 common frames omitted

2026-07-02T19:40:38.022+08:00  WARN 45732 --- [ai-interview-platform] [   scheduling-9] org.hibernate.orm.jdbc.error             : HHH000247: ErrorCode: 0, SQLState: 23514
2026-07-02T19:40:38.023+08:00  WARN 45732 --- [ai-interview-platform] [   scheduling-9] org.hibernate.orm.jdbc.error             : ERROR: new row for relation "interview_schedule" violates check constraint "interview_schedule_status_check"
  详细：Failing row contains (1, 2026-07-02 19:22:03.171302, 6, 2026-04-15 19:30:00, 2026-07-02 19:22:03.171302, 阿里巴巴, VIDEO, 李老师, https://meeting.tencent.com/abc-defg-hij, 请提前10分钟入会，准备项目介绍与系统设计案..., 后端开发工程师, EXPIRED, 6).
2026-07-02T19:40:38.026+08:00 ERROR 45732 --- [ai-interview-platform] [   scheduling-9] o.s.s.s.TaskUtils$LoggingErrorHandler    : Unexpected error occurred in scheduled task

org.springframework.dao.DataIntegrityViolationException: JDBC exception executing SQL [ERROR: new row for relation "interview_schedule" violates check constraint "interview_schedule_status_check"
  详细：Failing row contains (1, 2026-07-02 19:22:03.171302, 6, 2026-04-15 19:30:00, 2026-07-02 19:22:03.171302, 阿里巴巴, VIDEO, 李老师, https://meeting.tencent.com/abc-defg-hij, 请提前10分钟入会，准备项目介绍与系统设计案..., 后端开发工程师, EXPIRED, 6).] [update interview_schedule ise1_0 set status=? where ise1_0.status=? and ise1_0.interview_time<?]; SQL [update interview_schedule ise1_0 set status=? where ise1_0.status=? and ise1_0.interview_time<?]; constraint [interview_schedule_status_check]
	at org.springframework.orm.jpa.hibernate.HibernateExceptionTranslator.convertHibernateAccessException(HibernateExceptionTranslator.java:169)
	at org.springframework.orm.jpa.hibernate.HibernateExceptionTranslator.convertHibernateAccessException(HibernateExceptionTranslator.java:131)
	at org.springframework.orm.jpa.hibernate.HibernateExceptionTranslator.translateExceptionIfPossible(HibernateExceptionTranslator.java:105)
	at org.springframework.orm.jpa.vendor.HibernateJpaDialect.translateExceptionIfPossible(HibernateJpaDialect.java:199)
	at org.springframework.orm.jpa.AbstractEntityManagerFactoryBean.translateExceptionIfPossible(AbstractEntityManagerFactoryBean.java:556)
	at org.springframework.dao.support.ChainedPersistenceExceptionTranslator.translateExceptionIfPossible(ChainedPersistenceExceptionTranslator.java:61)
	at org.springframework.dao.support.DataAccessUtils.translateIfNecessary(DataAccessUtils.java:346)
	at org.springframework.dao.support.PersistenceExceptionTranslationInterceptor.invoke(PersistenceExceptionTranslationInterceptor.java:157)
	at org.springframework.aop.framework.ReflectiveMethodInvocation.proceed(ReflectiveMethodInvocation.java:179)
	at org.springframework.data.jpa.repository.support.CrudMethodMetadataPostProcessor$CrudMethodMetadataPopulatingMethodInterceptor.invoke(CrudMethodMetadataPostProcessor.java:137)
	at org.springframework.aop.framework.ReflectiveMethodInvocation.proceed(ReflectiveMethodInvocation.java:179)
	at org.springframework.aop.framework.JdkDynamicAopProxy.invoke(JdkDynamicAopProxy.java:222)
	at jdk.proxy2/jdk.proxy2.$Proxy209.updateStatusByStatusAndInterviewTimeBefore(Unknown Source)
	at interview.guide.modules.interviewschedule.service.ScheduleStatusUpdater.updateExpiredInterviews(ScheduleStatusUpdater.java:22)
	at java.base/jdk.internal.reflect.DirectMethodHandleAccessor.invoke(DirectMethodHandleAccessor.java:103)
	at java.base/java.lang.reflect.Method.invoke(Method.java:580)
	at org.springframework.aop.support.AopUtils.invokeJoinpointUsingReflection(AopUtils.java:359)
	at org.springframework.aop.framework.ReflectiveMethodInvocation.invokeJoinpoint(ReflectiveMethodInvocation.java:190)
	at org.springframework.aop.framework.ReflectiveMethodInvocation.proceed(ReflectiveMethodInvocation.java:158)
	at org.springframework.transaction.interceptor.TransactionAspectSupport.invokeWithinTransaction(TransactionAspectSupport.java:370)
	at org.springframework.transaction.interceptor.TransactionInterceptor.invoke(TransactionInterceptor.java:118)
	at org.springframework.aop.framework.ReflectiveMethodInvocation.proceed(ReflectiveMethodInvocation.java:179)
	at org.springframework.aop.framework.CglibAopProxy$DynamicAdvisedInterceptor.intercept(CglibAopProxy.java:719)
	at interview.guide.modules.interviewschedule.service.ScheduleStatusUpdater$$SpringCGLIB$$0.updateExpiredInterviews(<generated>)
	at java.base/jdk.internal.reflect.DirectMethodHandleAccessor.invoke(DirectMethodHandleAccessor.java:103)
	at java.base/java.lang.reflect.Method.invoke(Method.java:580)
	at org.springframework.scheduling.support.ScheduledMethodRunnable.runInternal(ScheduledMethodRunnable.java:128)
	at org.springframework.scheduling.support.ScheduledMethodRunnable.lambda$run$1(ScheduledMethodRunnable.java:122)
	at io.micrometer.observation.Observation.observe(Observation.java:498)
	at org.springframework.scheduling.support.ScheduledMethodRunnable.run(ScheduledMethodRunnable.java:122)
	at org.springframework.scheduling.config.Task$OutcomeTrackingRunnable.run(Task.java:88)
	at org.springframework.scheduling.support.DelegatingErrorHandlingRunnable.run(DelegatingErrorHandlingRunnable.java:54)
	at java.base/java.lang.VirtualThread.run(VirtualThread.java:329)
Caused by: org.hibernate.exception.ConstraintViolationException: JDBC exception executing SQL [ERROR: new row for relation "interview_schedule" violates check constraint "interview_schedule_status_check"
  详细：Failing row contains (1, 2026-07-02 19:22:03.171302, 6, 2026-04-15 19:30:00, 2026-07-02 19:22:03.171302, 阿里巴巴, VIDEO, 李老师, https://meeting.tencent.com/abc-defg-hij, 请提前10分钟入会，准备项目介绍与系统设计案..., 后端开发工程师, EXPIRED, 6).] [update interview_schedule ise1_0 set status=? where ise1_0.status=? and ise1_0.interview_time<?]
	at org.hibernate.exception.internal.SQLStateConversionDelegate.convert(SQLStateConversionDelegate.java:73)
	at org.hibernate.exception.internal.StandardSQLExceptionConverter.convert(StandardSQLExceptionConverter.java:34)
	at org.hibernate.engine.jdbc.spi.SqlExceptionHelper.convert(SqlExceptionHelper.java:115)
	at org.hibernate.sql.exec.internal.StandardJdbcMutationExecutor.handleException(StandardJdbcMutationExecutor.java:95)
	at org.hibernate.sql.exec.internal.StandardJdbcMutationExecutor.execute(StandardJdbcMutationExecutor.java:84)
	at org.hibernate.query.sqm.internal.SimpleNonSelectQueryPlan.execute(SimpleNonSelectQueryPlan.java:61)
	at org.hibernate.query.sqm.internal.SimpleNonSelectQueryPlan.executeUpdate(SimpleNonSelectQueryPlan.java:56)
	at org.hibernate.query.sqm.internal.SqmQueryImpl.doExecuteUpdate(SqmQueryImpl.java:509)
	at org.hibernate.query.sqm.internal.SqmQueryImpl.executeUpdate(SqmQueryImpl.java:481)
	at org.springframework.data.jpa.repository.query.JpaQueryExecution$ModifyingExecution.doExecute(JpaQueryExecution.java:373)
	at org.springframework.data.jpa.repository.query.JpaQueryExecution.execute(JpaQueryExecution.java:99)
	at org.springframework.data.jpa.repository.query.AbstractJpaQuery.doExecute(AbstractJpaQuery.java:164)
	at org.springframework.data.jpa.repository.query.AbstractJpaQuery.execute(AbstractJpaQuery.java:154)
	at org.springframework.data.repository.core.support.RepositoryMethodInvoker.doInvoke(RepositoryMethodInvoker.java:169)
	at org.springframework.data.repository.core.support.RepositoryMethodInvoker.invoke(RepositoryMethodInvoker.java:158)
	at org.springframework.data.repository.core.support.QueryExecutorMethodInterceptor.doInvoke(QueryExecutorMethodInterceptor.java:167)
	at org.springframework.data.repository.core.support.QueryExecutorMethodInterceptor.invoke(QueryExecutorMethodInterceptor.java:146)
	at org.springframework.aop.framework.ReflectiveMethodInvocation.proceed(ReflectiveMethodInvocation.java:179)
	at org.springframework.data.projection.DefaultMethodInvokingMethodInterceptor.invoke(DefaultMethodInvokingMethodInterceptor.java:69)
	at org.springframework.aop.framework.ReflectiveMethodInvocation.proceed(ReflectiveMethodInvocation.java:179)
	at org.springframework.transaction.interceptor.TransactionAspectSupport.invokeWithinTransaction(TransactionAspectSupport.java:370)
	at org.springframework.transaction.interceptor.TransactionInterceptor.invoke(TransactionInterceptor.java:118)
	at org.springframework.aop.framework.ReflectiveMethodInvocation.proceed(ReflectiveMethodInvocation.java:179)
	at org.springframework.dao.support.PersistenceExceptionTranslationInterceptor.invoke(PersistenceExceptionTranslationInterceptor.java:135)
	... 25 common frames omitted
Caused by: org.postgresql.util.PSQLException: ERROR: new row for relation "interview_schedule" violates check constraint "interview_schedule_status_check"
  详细：Failing row contains (1, 2026-07-02 19:22:03.171302, 6, 2026-04-15 19:30:00, 2026-07-02 19:22:03.171302, 阿里巴巴, VIDEO, 李老师, https://meeting.tencent.com/abc-defg-hij, 请提前10分钟入会，准备项目介绍与系统设计案..., 后端开发工程师, EXPIRED, 6).
	at org.postgresql.core.v3.QueryExecutorImpl.receiveErrorResponse(QueryExecutorImpl.java:2736)
	at org.postgresql.core.v3.QueryExecutorImpl.processResults(QueryExecutorImpl.java:2421)
	at org.postgresql.core.v3.QueryExecutorImpl.execute(QueryExecutorImpl.java:372)
	at org.postgresql.jdbc.PgStatement.executeInternal(PgStatement.java:525)
	at org.postgresql.jdbc.PgStatement.execute(PgStatement.java:435)
	at org.postgresql.jdbc.PgPreparedStatement.executeWithFlags(PgPreparedStatement.java:196)
	at org.postgresql.jdbc.PgPreparedStatement.executeUpdate(PgPreparedStatement.java:157)
	at com.zaxxer.hikari.pool.ProxyPreparedStatement.executeUpdate(ProxyPreparedStatement.java:61)
	at com.zaxxer.hikari.pool.HikariProxyPreparedStatement.executeUpdate(HikariProxyPreparedStatement.java)
	at org.hibernate.sql.exec.internal.StandardJdbcMutationExecutor.execute(StandardJdbcMutationExecutor.java:70)
	... 44 common frames omitted

2026-07-02T19:40:39.009+08:00  WARN 45732 --- [ai-interview-platform] [  scheduling-10] org.hibernate.orm.jdbc.error             : HHH000247: ErrorCode: 0, SQLState: 23514
2026-07-02T19:40:39.009+08:00  WARN 45732 --- [ai-interview-platform] [  scheduling-10] org.hibernate.orm.jdbc.error             : ERROR: new row for relation "interview_schedule" violates check constraint "interview_schedule_status_check"
  详细：Failing row contains (1, 2026-07-02 19:22:03.171302, 6, 2026-04-15 19:30:00, 2026-07-02 19:22:03.171302, 阿里巴巴, VIDEO, 李老师, https://meeting.tencent.com/abc-defg-hij, 请提前10分钟入会，准备项目介绍与系统设计案..., 后端开发工程师, EXPIRED, 6).
2026-07-02T19:40:39.012+08:00 ERROR 45732 --- [ai-interview-platform] [  scheduling-10] o.s.s.s.TaskUtils$LoggingErrorHandler    : Unexpected error occurred in scheduled task

org.springframework.dao.DataIntegrityViolationException: JDBC exception executing SQL [ERROR: new row for relation "interview_schedule" violates check constraint "interview_schedule_status_check"
  详细：Failing row contains (1, 2026-07-02 19:22:03.171302, 6, 2026-04-15 19:30:00, 2026-07-02 19:22:03.171302, 阿里巴巴, VIDEO, 李老师, https://meeting.tencent.com/abc-defg-hij, 请提前10分钟入会，准备项目介绍与系统设计案..., 后端开发工程师, EXPIRED, 6).] [update interview_schedule ise1_0 set status=? where ise1_0.status=? and ise1_0.interview_time<?]; SQL [update interview_schedule ise1_0 set status=? where ise1_0.status=? and ise1_0.interview_time<?]; constraint [interview_schedule_status_check]
	at org.springframework.orm.jpa.hibernate.HibernateExceptionTranslator.convertHibernateAccessException(HibernateExceptionTranslator.java:169)
	at org.springframework.orm.jpa.hibernate.HibernateExceptionTranslator.convertHibernateAccessException(HibernateExceptionTranslator.java:131)
	at org.springframework.orm.jpa.hibernate.HibernateExceptionTranslator.translateExceptionIfPossible(HibernateExceptionTranslator.java:105)
	at org.springframework.orm.jpa.vendor.HibernateJpaDialect.translateExceptionIfPossible(HibernateJpaDialect.java:199)
	at org.springframework.orm.jpa.AbstractEntityManagerFactoryBean.translateExceptionIfPossible(AbstractEntityManagerFactoryBean.java:556)
	at org.springframework.dao.support.ChainedPersistenceExceptionTranslator.translateExceptionIfPossible(ChainedPersistenceExceptionTranslator.java:61)
	at org.springframework.dao.support.DataAccessUtils.translateIfNecessary(DataAccessUtils.java:346)
	at org.springframework.dao.support.PersistenceExceptionTranslationInterceptor.invoke(PersistenceExceptionTranslationInterceptor.java:157)
	at org.springframework.aop.framework.ReflectiveMethodInvocation.proceed(ReflectiveMethodInvocation.java:179)
	at org.springframework.data.jpa.repository.support.CrudMethodMetadataPostProcessor$CrudMethodMetadataPopulatingMethodInterceptor.invoke(CrudMethodMetadataPostProcessor.java:137)
	at org.springframework.aop.framework.ReflectiveMethodInvocation.proceed(ReflectiveMethodInvocation.java:179)
	at org.springframework.aop.framework.JdkDynamicAopProxy.invoke(JdkDynamicAopProxy.java:222)
	at jdk.proxy2/jdk.proxy2.$Proxy209.updateStatusByStatusAndInterviewTimeBefore(Unknown Source)
	at interview.guide.modules.interviewschedule.service.ScheduleStatusUpdater.updateExpiredInterviews(ScheduleStatusUpdater.java:22)
	at java.base/jdk.internal.reflect.DirectMethodHandleAccessor.invoke(DirectMethodHandleAccessor.java:103)
	at java.base/java.lang.reflect.Method.invoke(Method.java:580)
	at org.springframework.aop.support.AopUtils.invokeJoinpointUsingReflection(AopUtils.java:359)
	at org.springframework.aop.framework.ReflectiveMethodInvocation.invokeJoinpoint(ReflectiveMethodInvocation.java:190)
	at org.springframework.aop.framework.ReflectiveMethodInvocation.proceed(ReflectiveMethodInvocation.java:158)
	at org.springframework.transaction.interceptor.TransactionAspectSupport.invokeWithinTransaction(TransactionAspectSupport.java:370)
	at org.springframework.transaction.interceptor.TransactionInterceptor.invoke(TransactionInterceptor.java:118)
	at org.springframework.aop.framework.ReflectiveMethodInvocation.proceed(ReflectiveMethodInvocation.java:179)
	at org.springframework.aop.framework.CglibAopProxy$DynamicAdvisedInterceptor.intercept(CglibAopProxy.java:719)
	at interview.guide.modules.interviewschedule.service.ScheduleStatusUpdater$$SpringCGLIB$$0.updateExpiredInterviews(<generated>)
	at java.base/jdk.internal.reflect.DirectMethodHandleAccessor.invoke(DirectMethodHandleAccessor.java:103)
	at java.base/java.lang.reflect.Method.invoke(Method.java:580)
	at org.springframework.scheduling.support.ScheduledMethodRunnable.runInternal(ScheduledMethodRunnable.java:128)
	at org.springframework.scheduling.support.ScheduledMethodRunnable.lambda$run$1(ScheduledMethodRunnable.java:122)
	at io.micrometer.observation.Observation.observe(Observation.java:498)
	at org.springframework.scheduling.support.ScheduledMethodRunnable.run(ScheduledMethodRunnable.java:122)
	at org.springframework.scheduling.config.Task$OutcomeTrackingRunnable.run(Task.java:88)
	at org.springframework.scheduling.support.DelegatingErrorHandlingRunnable.run(DelegatingErrorHandlingRunnable.java:54)
	at java.base/java.lang.VirtualThread.run(VirtualThread.java:329)
Caused by: org.hibernate.exception.ConstraintViolationException: JDBC exception executing SQL [ERROR: new row for relation "interview_schedule" violates check constraint "interview_schedule_status_check"
  详细：Failing row contains (1, 2026-07-02 19:22:03.171302, 6, 2026-04-15 19:30:00, 2026-07-02 19:22:03.171302, 阿里巴巴, VIDEO, 李老师, https://meeting.tencent.com/abc-defg-hij, 请提前10分钟入会，准备项目介绍与系统设计案..., 后端开发工程师, EXPIRED, 6).] [update interview_schedule ise1_0 set status=? where ise1_0.status=? and ise1_0.interview_time<?]
	at org.hibernate.exception.internal.SQLStateConversionDelegate.convert(SQLStateConversionDelegate.java:73)
	at org.hibernate.exception.internal.StandardSQLExceptionConverter.convert(StandardSQLExceptionConverter.java:34)
	at org.hibernate.engine.jdbc.spi.SqlExceptionHelper.convert(SqlExceptionHelper.java:115)
	at org.hibernate.sql.exec.internal.StandardJdbcMutationExecutor.handleException(StandardJdbcMutationExecutor.java:95)
	at org.hibernate.sql.exec.internal.StandardJdbcMutationExecutor.execute(StandardJdbcMutationExecutor.java:84)
	at org.hibernate.query.sqm.internal.SimpleNonSelectQueryPlan.execute(SimpleNonSelectQueryPlan.java:61)
	at org.hibernate.query.sqm.internal.SimpleNonSelectQueryPlan.executeUpdate(SimpleNonSelectQueryPlan.java:56)
	at org.hibernate.query.sqm.internal.SqmQueryImpl.doExecuteUpdate(SqmQueryImpl.java:509)
	at org.hibernate.query.sqm.internal.SqmQueryImpl.executeUpdate(SqmQueryImpl.java:481)
	at org.springframework.data.jpa.repository.query.JpaQueryExecution$ModifyingExecution.doExecute(JpaQueryExecution.java:373)
	at org.springframework.data.jpa.repository.query.JpaQueryExecution.execute(JpaQueryExecution.java:99)
	at org.springframework.data.jpa.repository.query.AbstractJpaQuery.doExecute(AbstractJpaQuery.java:164)
	at org.springframework.data.jpa.repository.query.AbstractJpaQuery.execute(AbstractJpaQuery.java:154)
	at org.springframework.data.repository.core.support.RepositoryMethodInvoker.doInvoke(RepositoryMethodInvoker.java:169)
	at org.springframework.data.repository.core.support.RepositoryMethodInvoker.invoke(RepositoryMethodInvoker.java:158)
	at org.springframework.data.repository.core.support.QueryExecutorMethodInterceptor.doInvoke(QueryExecutorMethodInterceptor.java:167)
	at org.springframework.data.repository.core.support.QueryExecutorMethodInterceptor.invoke(QueryExecutorMethodInterceptor.java:146)
	at org.springframework.aop.framework.ReflectiveMethodInvocation.proceed(ReflectiveMethodInvocation.java:179)
	at org.springframework.data.projection.DefaultMethodInvokingMethodInterceptor.invoke(DefaultMethodInvokingMethodInterceptor.java:69)
	at org.springframework.aop.framework.ReflectiveMethodInvocation.proceed(ReflectiveMethodInvocation.java:179)
	at org.springframework.transaction.interceptor.TransactionAspectSupport.invokeWithinTransaction(TransactionAspectSupport.java:370)
	at org.springframework.transaction.interceptor.TransactionInterceptor.invoke(TransactionInterceptor.java:118)
	at org.springframework.aop.framework.ReflectiveMethodInvocation.proceed(ReflectiveMethodInvocation.java:179)
	at org.springframework.dao.support.PersistenceExceptionTranslationInterceptor.invoke(PersistenceExceptionTranslationInterceptor.java:135)
	... 25 common frames omitted
Caused by: org.postgresql.util.PSQLException: ERROR: new row for relation "interview_schedule" violates check constraint "interview_schedule_status_check"
  详细：Failing row contains (1, 2026-07-02 19:22:03.171302, 6, 2026-04-15 19:30:00, 2026-07-02 19:22:03.171302, 阿里巴巴, VIDEO, 李老师, https://meeting.tencent.com/abc-defg-hij, 请提前10分钟入会，准备项目介绍与系统设计案..., 后端开发工程师, EXPIRED, 6).
	at org.postgresql.core.v3.QueryExecutorImpl.receiveErrorResponse(QueryExecutorImpl.java:2736)
	at org.postgresql.core.v3.QueryExecutorImpl.processResults(QueryExecutorImpl.java:2421)
	at org.postgresql.core.v3.QueryExecutorImpl.execute(QueryExecutorImpl.java:372)
	at org.postgresql.jdbc.PgStatement.executeInternal(PgStatement.java:525)
	at org.postgresql.jdbc.PgStatement.execute(PgStatement.java:435)
	at org.postgresql.jdbc.PgPreparedStatement.executeWithFlags(PgPreparedStatement.java:196)
	at org.postgresql.jdbc.PgPreparedStatement.executeUpdate(PgPreparedStatement.java:157)
	at com.zaxxer.hikari.pool.ProxyPreparedStatement.executeUpdate(ProxyPreparedStatement.java:61)
	at com.zaxxer.hikari.pool.HikariProxyPreparedStatement.executeUpdate(HikariProxyPreparedStatement.java)
	at org.hibernate.sql.exec.internal.StandardJdbcMutationExecutor.execute(StandardJdbcMutationExecutor.java:70)
	... 44 common frames omitted

2026-07-02T19:40:40.013+08:00  WARN 45732 --- [ai-interview-platform] [  scheduling-11] org.hibernate.orm.jdbc.error             : HHH000247: ErrorCode: 0, SQLState: 23514
2026-07-02T19:40:40.013+08:00  WARN 45732 --- [ai-interview-platform] [  scheduling-11] org.hibernate.orm.jdbc.error             : ERROR: new row for relation "interview_schedule" violates check constraint "interview_schedule_status_check"
  详细：Failing row contains (1, 2026-07-02 19:22:03.171302, 6, 2026-04-15 19:30:00, 2026-07-02 19:22:03.171302, 阿里巴巴, VIDEO, 李老师, https://meeting.tencent.com/abc-defg-hij, 请提前10分钟入会，准备项目介绍与系统设计案..., 后端开发工程师, EXPIRED, 6).
2026-07-02T19:40:40.016+08:00 ERROR 45732 --- [ai-interview-platform] [  scheduling-11] o.s.s.s.TaskUtils$LoggingErrorHandler    : Unexpected error occurred in scheduled task

org.springframework.dao.DataIntegrityViolationException: JDBC exception executing SQL [ERROR: new row for relation "interview_schedule" violates check constraint "interview_schedule_status_check"
  详细：Failing row contains (1, 2026-07-02 19:22:03.171302, 6, 2026-04-15 19:30:00, 2026-07-02 19:22:03.171302, 阿里巴巴, VIDEO, 李老师, https://meeting.tencent.com/abc-defg-hij, 请提前10分钟入会，准备项目介绍与系统设计案..., 后端开发工程师, EXPIRED, 6).] [update interview_schedule ise1_0 set status=? where ise1_0.status=? and ise1_0.interview_time<?]; SQL [update interview_schedule ise1_0 set status=? where ise1_0.status=? and ise1_0.interview_time<?]; constraint [interview_schedule_status_check]
	at org.springframework.orm.jpa.hibernate.HibernateExceptionTranslator.convertHibernateAccessException(HibernateExceptionTranslator.java:169)
	at org.springframework.orm.jpa.hibernate.HibernateExceptionTranslator.convertHibernateAccessException(HibernateExceptionTranslator.java:131)
	at org.springframework.orm.jpa.hibernate.HibernateExceptionTranslator.translateExceptionIfPossible(HibernateExceptionTranslator.java:105)
	at org.springframework.orm.jpa.vendor.HibernateJpaDialect.translateExceptionIfPossible(HibernateJpaDialect.java:199)
	at org.springframework.orm.jpa.AbstractEntityManagerFactoryBean.translateExceptionIfPossible(AbstractEntityManagerFactoryBean.java:556)
	at org.springframework.dao.support.ChainedPersistenceExceptionTranslator.translateExceptionIfPossible(ChainedPersistenceExceptionTranslator.java:61)
	at org.springframework.dao.support.DataAccessUtils.translateIfNecessary(DataAccessUtils.java:346)
	at org.springframework.dao.support.PersistenceExceptionTranslationInterceptor.invoke(PersistenceExceptionTranslationInterceptor.java:157)
	at org.springframework.aop.framework.ReflectiveMethodInvocation.proceed(ReflectiveMethodInvocation.java:179)
	at org.springframework.data.jpa.repository.support.CrudMethodMetadataPostProcessor$CrudMethodMetadataPopulatingMethodInterceptor.invoke(CrudMethodMetadataPostProcessor.java:137)
	at org.springframework.aop.framework.ReflectiveMethodInvocation.proceed(ReflectiveMethodInvocation.java:179)
	at org.springframework.aop.framework.JdkDynamicAopProxy.invoke(JdkDynamicAopProxy.java:222)
	at jdk.proxy2/jdk.proxy2.$Proxy209.updateStatusByStatusAndInterviewTimeBefore(Unknown Source)
	at interview.guide.modules.interviewschedule.service.ScheduleStatusUpdater.updateExpiredInterviews(ScheduleStatusUpdater.java:22)
	at java.base/jdk.internal.reflect.DirectMethodHandleAccessor.invoke(DirectMethodHandleAccessor.java:103)
	at java.base/java.lang.reflect.Method.invoke(Method.java:580)
	at org.springframework.aop.support.AopUtils.invokeJoinpointUsingReflection(AopUtils.java:359)
	at org.springframework.aop.framework.ReflectiveMethodInvocation.invokeJoinpoint(ReflectiveMethodInvocation.java:190)
	at org.springframework.aop.framework.ReflectiveMethodInvocation.proceed(ReflectiveMethodInvocation.java:158)
	at org.springframework.transaction.interceptor.TransactionAspectSupport.invokeWithinTransaction(TransactionAspectSupport.java:370)
	at org.springframework.transaction.interceptor.TransactionInterceptor.invoke(TransactionInterceptor.java:118)
	at org.springframework.aop.framework.ReflectiveMethodInvocation.proceed(ReflectiveMethodInvocation.java:179)
	at org.springframework.aop.framework.CglibAopProxy$DynamicAdvisedInterceptor.intercept(CglibAopProxy.java:719)
	at interview.guide.modules.interviewschedule.service.ScheduleStatusUpdater$$SpringCGLIB$$0.updateExpiredInterviews(<generated>)
	at java.base/jdk.internal.reflect.DirectMethodHandleAccessor.invoke(DirectMethodHandleAccessor.java:103)
	at java.base/java.lang.reflect.Method.invoke(Method.java:580)
	at org.springframework.scheduling.support.ScheduledMethodRunnable.runInternal(ScheduledMethodRunnable.java:128)
	at org.springframework.scheduling.support.ScheduledMethodRunnable.lambda$run$1(ScheduledMethodRunnable.java:122)
	at io.micrometer.observation.Observation.observe(Observation.java:498)
	at org.springframework.scheduling.support.ScheduledMethodRunnable.run(ScheduledMethodRunnable.java:122)
	at org.springframework.scheduling.config.Task$OutcomeTrackingRunnable.run(Task.java:88)
	at org.springframework.scheduling.support.DelegatingErrorHandlingRunnable.run(DelegatingErrorHandlingRunnable.java:54)
	at java.base/java.lang.VirtualThread.run(VirtualThread.java:329)
Caused by: org.hibernate.exception.ConstraintViolationException: JDBC exception executing SQL [ERROR: new row for relation "interview_schedule" violates check constraint "interview_schedule_status_check"
  详细：Failing row contains (1, 2026-07-02 19:22:03.171302, 6, 2026-04-15 19:30:00, 2026-07-02 19:22:03.171302, 阿里巴巴, VIDEO, 李老师, https://meeting.tencent.com/abc-defg-hij, 请提前10分钟入会，准备项目介绍与系统设计案..., 后端开发工程师, EXPIRED, 6).] [update interview_schedule ise1_0 set status=? where ise1_0.status=? and ise1_0.interview_time<?]
	at org.hibernate.exception.internal.SQLStateConversionDelegate.convert(SQLStateConversionDelegate.java:73)
	at org.hibernate.exception.internal.StandardSQLExceptionConverter.convert(StandardSQLExceptionConverter.java:34)
	at org.hibernate.engine.jdbc.spi.SqlExceptionHelper.convert(SqlExceptionHelper.java:115)
	at org.hibernate.sql.exec.internal.StandardJdbcMutationExecutor.handleException(StandardJdbcMutationExecutor.java:95)
	at org.hibernate.sql.exec.internal.StandardJdbcMutationExecutor.execute(StandardJdbcMutationExecutor.java:84)
	at org.hibernate.query.sqm.internal.SimpleNonSelectQueryPlan.execute(SimpleNonSelectQueryPlan.java:61)
	at org.hibernate.query.sqm.internal.SimpleNonSelectQueryPlan.executeUpdate(SimpleNonSelectQueryPlan.java:56)
	at org.hibernate.query.sqm.internal.SqmQueryImpl.doExecuteUpdate(SqmQueryImpl.java:509)
	at org.hibernate.query.sqm.internal.SqmQueryImpl.executeUpdate(SqmQueryImpl.java:481)
	at org.springframework.data.jpa.repository.query.JpaQueryExecution$ModifyingExecution.doExecute(JpaQueryExecution.java:373)
	at org.springframework.data.jpa.repository.query.JpaQueryExecution.execute(JpaQueryExecution.java:99)
	at org.springframework.data.jpa.repository.query.AbstractJpaQuery.doExecute(AbstractJpaQuery.java:164)
	at org.springframework.data.jpa.repository.query.AbstractJpaQuery.execute(AbstractJpaQuery.java:154)
	at org.springframework.data.repository.core.support.RepositoryMethodInvoker.doInvoke(RepositoryMethodInvoker.java:169)
	at org.springframework.data.repository.core.support.RepositoryMethodInvoker.invoke(RepositoryMethodInvoker.java:158)
	at org.springframework.data.repository.core.support.QueryExecutorMethodInterceptor.doInvoke(QueryExecutorMethodInterceptor.java:167)
	at org.springframework.data.repository.core.support.QueryExecutorMethodInterceptor.invoke(QueryExecutorMethodInterceptor.java:146)
	at org.springframework.aop.framework.ReflectiveMethodInvocation.proceed(ReflectiveMethodInvocation.java:179)
	at org.springframework.data.projection.DefaultMethodInvokingMethodInterceptor.invoke(DefaultMethodInvokingMethodInterceptor.java:69)
	at org.springframework.aop.framework.ReflectiveMethodInvocation.proceed(ReflectiveMethodInvocation.java:179)
	at org.springframework.transaction.interceptor.TransactionAspectSupport.invokeWithinTransaction(TransactionAspectSupport.java:370)
	at org.springframework.transaction.interceptor.TransactionInterceptor.invoke(TransactionInterceptor.java:118)
	at org.springframework.aop.framework.ReflectiveMethodInvocation.proceed(ReflectiveMethodInvocation.java:179)
	at org.springframework.dao.support.PersistenceExceptionTranslationInterceptor.invoke(PersistenceExceptionTranslationInterceptor.java:135)
	... 25 common frames omitted
Caused by: org.postgresql.util.PSQLException: ERROR: new row for relation "interview_schedule" violates check constraint "interview_schedule_status_check"
  详细：Failing row contains (1, 2026-07-02 19:22:03.171302, 6, 2026-04-15 19:30:00, 2026-07-02 19:22:03.171302, 阿里巴巴, VIDEO, 李老师, https://meeting.tencent.com/abc-defg-hij, 请提前10分钟入会，准备项目介绍与系统设计案..., 后端开发工程师, EXPIRED, 6).
	at org.postgresql.core.v3.QueryExecutorImpl.receiveErrorResponse(QueryExecutorImpl.java:2736)
	at org.postgresql.core.v3.QueryExecutorImpl.processResults(QueryExecutorImpl.java:2421)
	at org.postgresql.core.v3.QueryExecutorImpl.execute(QueryExecutorImpl.java:372)
	at org.postgresql.jdbc.PgStatement.executeInternal(PgStatement.java:525)
	at org.postgresql.jdbc.PgStatement.execute(PgStatement.java:435)
	at org.postgresql.jdbc.PgPreparedStatement.executeWithFlags(PgPreparedStatement.java:196)
	at org.postgresql.jdbc.PgPreparedStatement.executeUpdate(PgPreparedStatement.java:157)
	at com.zaxxer.hikari.pool.ProxyPreparedStatement.executeUpdate(ProxyPreparedStatement.java:61)
	at com.zaxxer.hikari.pool.HikariProxyPreparedStatement.executeUpdate(HikariProxyPreparedStatement.java)
	at org.hibernate.sql.exec.internal.StandardJdbcMutationExecutor.execute(StandardJdbcMutationExecutor.java:70)
	... 44 common frames omitted

2026-07-02T19:40:41.017+08:00  WARN 45732 --- [ai-interview-platform] [  scheduling-12] org.hibernate.orm.jdbc.error             : HHH000247: ErrorCode: 0, SQLState: 23514
2026-07-02T19:40:41.018+08:00  WARN 45732 --- [ai-interview-platform] [  scheduling-12] org.hibernate.orm.jdbc.error             : ERROR: new row for relation "interview_schedule" violates check constraint "interview_schedule_status_check"
  详细：Failing row contains (1, 2026-07-02 19:22:03.171302, 6, 2026-04-15 19:30:00, 2026-07-02 19:22:03.171302, 阿里巴巴, VIDEO, 李老师, https://meeting.tencent.com/abc-defg-hij, 请提前10分钟入会，准备项目介绍与系统设计案..., 后端开发工程师, EXPIRED, 6).
2026-07-02T19:40:41.019+08:00 ERROR 45732 --- [ai-interview-platform] [  scheduling-12] o.s.s.s.TaskUtils$LoggingErrorHandler    : Unexpected error occurred in scheduled task

org.springframework.dao.DataIntegrityViolationException: JDBC exception executing SQL [ERROR: new row for relation "interview_schedule" violates check constraint "interview_schedule_status_check"
  详细：Failing row contains (1, 2026-07-02 19:22:03.171302, 6, 2026-04-15 19:30:00, 2026-07-02 19:22:03.171302, 阿里巴巴, VIDEO, 李老师, https://meeting.tencent.com/abc-defg-hij, 请提前10分钟入会，准备项目介绍与系统设计案..., 后端开发工程师, EXPIRED, 6).] [update interview_schedule ise1_0 set status=? where ise1_0.status=? and ise1_0.interview_time<?]; SQL [update interview_schedule ise1_0 set status=? where ise1_0.status=? and ise1_0.interview_time<?]; constraint [interview_schedule_status_check]
	at org.springframework.orm.jpa.hibernate.HibernateExceptionTranslator.convertHibernateAccessException(HibernateExceptionTranslator.java:169)
	at org.springframework.orm.jpa.hibernate.HibernateExceptionTranslator.convertHibernateAccessException(HibernateExceptionTranslator.java:131)
	at org.springframework.orm.jpa.hibernate.HibernateExceptionTranslator.translateExceptionIfPossible(HibernateExceptionTranslator.java:105)
	at org.springframework.orm.jpa.vendor.HibernateJpaDialect.translateExceptionIfPossible(HibernateJpaDialect.java:199)
	at org.springframework.orm.jpa.AbstractEntityManagerFactoryBean.translateExceptionIfPossible(AbstractEntityManagerFactoryBean.java:556)
	at org.springframework.dao.support.ChainedPersistenceExceptionTranslator.translateExceptionIfPossible(ChainedPersistenceExceptionTranslator.java:61)
	at org.springframework.dao.support.DataAccessUtils.translateIfNecessary(DataAccessUtils.java:346)
	at org.springframework.dao.support.PersistenceExceptionTranslationInterceptor.invoke(PersistenceExceptionTranslationInterceptor.java:157)
	at org.springframework.aop.framework.ReflectiveMethodInvocation.proceed(ReflectiveMethodInvocation.java:179)
	at org.springframework.data.jpa.repository.support.CrudMethodMetadataPostProcessor$CrudMethodMetadataPopulatingMethodInterceptor.invoke(CrudMethodMetadataPostProcessor.java:137)
	at org.springframework.aop.framework.ReflectiveMethodInvocation.proceed(ReflectiveMethodInvocation.java:179)
	at org.springframework.aop.framework.JdkDynamicAopProxy.invoke(JdkDynamicAopProxy.java:222)
	at jdk.proxy2/jdk.proxy2.$Proxy209.updateStatusByStatusAndInterviewTimeBefore(Unknown Source)
	at interview.guide.modules.interviewschedule.service.ScheduleStatusUpdater.updateExpiredInterviews(ScheduleStatusUpdater.java:22)
	at java.base/jdk.internal.reflect.DirectMethodHandleAccessor.invoke(DirectMethodHandleAccessor.java:103)
	at java.base/java.lang.reflect.Method.invoke(Method.java:580)
	at org.springframework.aop.support.AopUtils.invokeJoinpointUsingReflection(AopUtils.java:359)
	at org.springframework.aop.framework.ReflectiveMethodInvocation.invokeJoinpoint(ReflectiveMethodInvocation.java:190)
	at org.springframework.aop.framework.ReflectiveMethodInvocation.proceed(ReflectiveMethodInvocation.java:158)
	at org.springframework.transaction.interceptor.TransactionAspectSupport.invokeWithinTransaction(TransactionAspectSupport.java:370)
	at org.springframework.transaction.interceptor.TransactionInterceptor.invoke(TransactionInterceptor.java:118)
	at org.springframework.aop.framework.ReflectiveMethodInvocation.proceed(ReflectiveMethodInvocation.java:179)
	at org.springframework.aop.framework.CglibAopProxy$DynamicAdvisedInterceptor.intercept(CglibAopProxy.java:719)
	at interview.guide.modules.interviewschedule.service.ScheduleStatusUpdater$$SpringCGLIB$$0.updateExpiredInterviews(<generated>)
	at java.base/jdk.internal.reflect.DirectMethodHandleAccessor.invoke(DirectMethodHandleAccessor.java:103)
	at java.base/java.lang.reflect.Method.invoke(Method.java:580)
	at org.springframework.scheduling.support.ScheduledMethodRunnable.runInternal(ScheduledMethodRunnable.java:128)
	at org.springframework.scheduling.support.ScheduledMethodRunnable.lambda$run$1(ScheduledMethodRunnable.java:122)
	at io.micrometer.observation.Observation.observe(Observation.java:498)
	at org.springframework.scheduling.support.ScheduledMethodRunnable.run(ScheduledMethodRunnable.java:122)
	at org.springframework.scheduling.config.Task$OutcomeTrackingRunnable.run(Task.java:88)
	at org.springframework.scheduling.support.DelegatingErrorHandlingRunnable.run(DelegatingErrorHandlingRunnable.java:54)
	at java.base/java.lang.VirtualThread.run(VirtualThread.java:329)
Caused by: org.hibernate.exception.ConstraintViolationException: JDBC exception executing SQL [ERROR: new row for relation "interview_schedule" violates check constraint "interview_schedule_status_check"
  详细：Failing row contains (1, 2026-07-02 19:22:03.171302, 6, 2026-04-15 19:30:00, 2026-07-02 19:22:03.171302, 阿里巴巴, VIDEO, 李老师, https://meeting.tencent.com/abc-defg-hij, 请提前10分钟入会，准备项目介绍与系统设计案..., 后端开发工程师, EXPIRED, 6).] [update interview_schedule ise1_0 set status=? where ise1_0.status=? and ise1_0.interview_time<?]
	at org.hibernate.exception.internal.SQLStateConversionDelegate.convert(SQLStateConversionDelegate.java:73)
	at org.hibernate.exception.internal.StandardSQLExceptionConverter.convert(StandardSQLExceptionConverter.java:34)
	at org.hibernate.engine.jdbc.spi.SqlExceptionHelper.convert(SqlExceptionHelper.java:115)
	at org.hibernate.sql.exec.internal.StandardJdbcMutationExecutor.handleException(StandardJdbcMutationExecutor.java:95)
	at org.hibernate.sql.exec.internal.StandardJdbcMutationExecutor.execute(StandardJdbcMutationExecutor.java:84)
	at org.hibernate.query.sqm.internal.SimpleNonSelectQueryPlan.execute(SimpleNonSelectQueryPlan.java:61)
	at org.hibernate.query.sqm.internal.SimpleNonSelectQueryPlan.executeUpdate(SimpleNonSelectQueryPlan.java:56)
	at org.hibernate.query.sqm.internal.SqmQueryImpl.doExecuteUpdate(SqmQueryImpl.java:509)
	at org.hibernate.query.sqm.internal.SqmQueryImpl.executeUpdate(SqmQueryImpl.java:481)
	at org.springframework.data.jpa.repository.query.JpaQueryExecution$ModifyingExecution.doExecute(JpaQueryExecution.java:373)
	at org.springframework.data.jpa.repository.query.JpaQueryExecution.execute(JpaQueryExecution.java:99)
	at org.springframework.data.jpa.repository.query.AbstractJpaQuery.doExecute(AbstractJpaQuery.java:164)
	at org.springframework.data.jpa.repository.query.AbstractJpaQuery.execute(AbstractJpaQuery.java:154)
	at org.springframework.data.repository.core.support.RepositoryMethodInvoker.doInvoke(RepositoryMethodInvoker.java:169)
	at org.springframework.data.repository.core.support.RepositoryMethodInvoker.invoke(RepositoryMethodInvoker.java:158)
	at org.springframework.data.repository.core.support.QueryExecutorMethodInterceptor.doInvoke(QueryExecutorMethodInterceptor.java:167)
	at org.springframework.data.repository.core.support.QueryExecutorMethodInterceptor.invoke(QueryExecutorMethodInterceptor.java:146)
	at org.springframework.aop.framework.ReflectiveMethodInvocation.proceed(ReflectiveMethodInvocation.java:179)
	at org.springframework.data.projection.DefaultMethodInvokingMethodInterceptor.invoke(DefaultMethodInvokingMethodInterceptor.java:69)
	at org.springframework.aop.framework.ReflectiveMethodInvocation.proceed(ReflectiveMethodInvocation.java:179)
	at org.springframework.transaction.interceptor.TransactionAspectSupport.invokeWithinTransaction(TransactionAspectSupport.java:370)
	at org.springframework.transaction.interceptor.TransactionInterceptor.invoke(TransactionInterceptor.java:118)
	at org.springframework.aop.framework.ReflectiveMethodInvocation.proceed(ReflectiveMethodInvocation.java:179)
	at org.springframework.dao.support.PersistenceExceptionTranslationInterceptor.invoke(PersistenceExceptionTranslationInterceptor.java:135)
	... 25 common frames omitted
Caused by: org.postgresql.util.PSQLException: ERROR: new row for relation "interview_schedule" violates check constraint "interview_schedule_status_check"
  详细：Failing row contains (1, 2026-07-02 19:22:03.171302, 6, 2026-04-15 19:30:00, 2026-07-02 19:22:03.171302, 阿里巴巴, VIDEO, 李老师, https://meeting.tencent.com/abc-defg-hij, 请提前10分钟入会，准备项目介绍与系统设计案..., 后端开发工程师, EXPIRED, 6).
	at org.postgresql.core.v3.QueryExecutorImpl.receiveErrorResponse(QueryExecutorImpl.java:2736)
	at org.postgresql.core.v3.QueryExecutorImpl.processResults(QueryExecutorImpl.java:2421)
	at org.postgresql.core.v3.QueryExecutorImpl.execute(QueryExecutorImpl.java:372)
	at org.postgresql.jdbc.PgStatement.executeInternal(PgStatement.java:525)
	at org.postgresql.jdbc.PgStatement.execute(PgStatement.java:435)
	at org.postgresql.jdbc.PgPreparedStatement.executeWithFlags(PgPreparedStatement.java:196)
	at org.postgresql.jdbc.PgPreparedStatement.executeUpdate(PgPreparedStatement.java:157)
	at com.zaxxer.hikari.pool.ProxyPreparedStatement.executeUpdate(ProxyPreparedStatement.java:61)
	at com.zaxxer.hikari.pool.HikariProxyPreparedStatement.executeUpdate(HikariProxyPreparedStatement.java)
	at org.hibernate.sql.exec.internal.StandardJdbcMutationExecutor.execute(StandardJdbcMutationExecutor.java:70)
	... 44 common frames omitted

2026-07-02T19:40:42.011+08:00  WARN 45732 --- [ai-interview-platform] [  scheduling-13] org.hibernate.orm.jdbc.error             : HHH000247: ErrorCode: 0, SQLState: 23514
2026-07-02T19:40:42.011+08:00  WARN 45732 --- [ai-interview-platform] [  scheduling-13] org.hibernate.orm.jdbc.error             : ERROR: new row for relation "interview_schedule" violates check constraint "interview_schedule_status_check"
  详细：Failing row contains (1, 2026-07-02 19:22:03.171302, 6, 2026-04-15 19:30:00, 2026-07-02 19:22:03.171302, 阿里巴巴, VIDEO, 李老师, https://meeting.tencent.com/abc-defg-hij, 请提前10分钟入会，准备项目介绍与系统设计案..., 后端开发工程师, EXPIRED, 6).
2026-07-02T19:40:42.013+08:00 ERROR 45732 --- [ai-interview-platform] [  scheduling-13] o.s.s.s.TaskUtils$LoggingErrorHandler    : Unexpected error occurred in scheduled task

org.springframework.dao.DataIntegrityViolationException: JDBC exception executing SQL [ERROR: new row for relation "interview_schedule" violates check constraint "interview_schedule_status_check"
  详细：Failing row contains (1, 2026-07-02 19:22:03.171302, 6, 2026-04-15 19:30:00, 2026-07-02 19:22:03.171302, 阿里巴巴, VIDEO, 李老师, https://meeting.tencent.com/abc-defg-hij, 请提前10分钟入会，准备项目介绍与系统设计案..., 后端开发工程师, EXPIRED, 6).] [update interview_schedule ise1_0 set status=? where ise1_0.status=? and ise1_0.interview_time<?]; SQL [update interview_schedule ise1_0 set status=? where ise1_0.status=? and ise1_0.interview_time<?]; constraint [interview_schedule_status_check]
	at org.springframework.orm.jpa.hibernate.HibernateExceptionTranslator.convertHibernateAccessException(HibernateExceptionTranslator.java:169)
	at org.springframework.orm.jpa.hibernate.HibernateExceptionTranslator.convertHibernateAccessException(HibernateExceptionTranslator.java:131)
	at org.springframework.orm.jpa.hibernate.HibernateExceptionTranslator.translateExceptionIfPossible(HibernateExceptionTranslator.java:105)
	at org.springframework.orm.jpa.vendor.HibernateJpaDialect.translateExceptionIfPossible(HibernateJpaDialect.java:199)
	at org.springframework.orm.jpa.AbstractEntityManagerFactoryBean.translateExceptionIfPossible(AbstractEntityManagerFactoryBean.java:556)
	at org.springframework.dao.support.ChainedPersistenceExceptionTranslator.translateExceptionIfPossible(ChainedPersistenceExceptionTranslator.java:61)
	at org.springframework.dao.support.DataAccessUtils.translateIfNecessary(DataAccessUtils.java:346)
	at org.springframework.dao.support.PersistenceExceptionTranslationInterceptor.invoke(PersistenceExceptionTranslationInterceptor.java:157)
	at org.springframework.aop.framework.ReflectiveMethodInvocation.proceed(ReflectiveMethodInvocation.java:179)
	at org.springframework.data.jpa.repository.support.CrudMethodMetadataPostProcessor$CrudMethodMetadataPopulatingMethodInterceptor.invoke(CrudMethodMetadataPostProcessor.java:137)
	at org.springframework.aop.framework.ReflectiveMethodInvocation.proceed(ReflectiveMethodInvocation.java:179)
	at org.springframework.aop.framework.JdkDynamicAopProxy.invoke(JdkDynamicAopProxy.java:222)
	at jdk.proxy2/jdk.proxy2.$Proxy209.updateStatusByStatusAndInterviewTimeBefore(Unknown Source)
	at interview.guide.modules.interviewschedule.service.ScheduleStatusUpdater.updateExpiredInterviews(ScheduleStatusUpdater.java:22)
	at java.base/jdk.internal.reflect.DirectMethodHandleAccessor.invoke(DirectMethodHandleAccessor.java:103)
	at java.base/java.lang.reflect.Method.invoke(Method.java:580)
	at org.springframework.aop.support.AopUtils.invokeJoinpointUsingReflection(AopUtils.java:359)
	at org.springframework.aop.framework.ReflectiveMethodInvocation.invokeJoinpoint(ReflectiveMethodInvocation.java:190)
	at org.springframework.aop.framework.ReflectiveMethodInvocation.proceed(ReflectiveMethodInvocation.java:158)
	at org.springframework.transaction.interceptor.TransactionAspectSupport.invokeWithinTransaction(TransactionAspectSupport.java:370)
	at org.springframework.transaction.interceptor.TransactionInterceptor.invoke(TransactionInterceptor.java:118)
	at org.springframework.aop.framework.ReflectiveMethodInvocation.proceed(ReflectiveMethodInvocation.java:179)
	at org.springframework.aop.framework.CglibAopProxy$DynamicAdvisedInterceptor.intercept(CglibAopProxy.java:719)
	at interview.guide.modules.interviewschedule.service.ScheduleStatusUpdater$$SpringCGLIB$$0.updateExpiredInterviews(<generated>)
	at java.base/jdk.internal.reflect.DirectMethodHandleAccessor.invoke(DirectMethodHandleAccessor.java:103)
	at java.base/java.lang.reflect.Method.invoke(Method.java:580)
	at org.springframework.scheduling.support.ScheduledMethodRunnable.runInternal(ScheduledMethodRunnable.java:128)
	at org.springframework.scheduling.support.ScheduledMethodRunnable.lambda$run$1(ScheduledMethodRunnable.java:122)
	at io.micrometer.observation.Observation.observe(Observation.java:498)
	at org.springframework.scheduling.support.ScheduledMethodRunnable.run(ScheduledMethodRunnable.java:122)
	at org.springframework.scheduling.config.Task$OutcomeTrackingRunnable.run(Task.java:88)
	at org.springframework.scheduling.support.DelegatingErrorHandlingRunnable.run(DelegatingErrorHandlingRunnable.java:54)
	at java.base/java.lang.VirtualThread.run(VirtualThread.java:329)
Caused by: org.hibernate.exception.ConstraintViolationException: JDBC exception executing SQL [ERROR: new row for relation "interview_schedule" violates check constraint "interview_schedule_status_check"
  详细：Failing row contains (1, 2026-07-02 19:22:03.171302, 6, 2026-04-15 19:30:00, 2026-07-02 19:22:03.171302, 阿里巴巴, VIDEO, 李老师, https://meeting.tencent.com/abc-defg-hij, 请提前10分钟入会，准备项目介绍与系统设计案..., 后端开发工程师, EXPIRED, 6).] [update interview_schedule ise1_0 set status=? where ise1_0.status=? and ise1_0.interview_time<?]
	at org.hibernate.exception.internal.SQLStateConversionDelegate.convert(SQLStateConversionDelegate.java:73)
	at org.hibernate.exception.internal.StandardSQLExceptionConverter.convert(StandardSQLExceptionConverter.java:34)
	at org.hibernate.engine.jdbc.spi.SqlExceptionHelper.convert(SqlExceptionHelper.java:115)
	at org.hibernate.sql.exec.internal.StandardJdbcMutationExecutor.handleException(StandardJdbcMutationExecutor.java:95)
	at org.hibernate.sql.exec.internal.StandardJdbcMutationExecutor.execute(StandardJdbcMutationExecutor.java:84)
	at org.hibernate.query.sqm.internal.SimpleNonSelectQueryPlan.execute(SimpleNonSelectQueryPlan.java:61)
	at org.hibernate.query.sqm.internal.SimpleNonSelectQueryPlan.executeUpdate(SimpleNonSelectQueryPlan.java:56)
	at org.hibernate.query.sqm.internal.SqmQueryImpl.doExecuteUpdate(SqmQueryImpl.java:509)
	at org.hibernate.query.sqm.internal.SqmQueryImpl.executeUpdate(SqmQueryImpl.java:481)
	at org.springframework.data.jpa.repository.query.JpaQueryExecution$ModifyingExecution.doExecute(JpaQueryExecution.java:373)
	at org.springframework.data.jpa.repository.query.JpaQueryExecution.execute(JpaQueryExecution.java:99)
	at org.springframework.data.jpa.repository.query.AbstractJpaQuery.doExecute(AbstractJpaQuery.java:164)
	at org.springframework.data.jpa.repository.query.AbstractJpaQuery.execute(AbstractJpaQuery.java:154)
	at org.springframework.data.repository.core.support.RepositoryMethodInvoker.doInvoke(RepositoryMethodInvoker.java:169)
	at org.springframework.data.repository.core.support.RepositoryMethodInvoker.invoke(RepositoryMethodInvoker.java:158)
	at org.springframework.data.repository.core.support.QueryExecutorMethodInterceptor.doInvoke(QueryExecutorMethodInterceptor.java:167)
	at org.springframework.data.repository.core.support.QueryExecutorMethodInterceptor.invoke(QueryExecutorMethodInterceptor.java:146)
	at org.springframework.aop.framework.ReflectiveMethodInvocation.proceed(ReflectiveMethodInvocation.java:179)
	at org.springframework.data.projection.DefaultMethodInvokingMethodInterceptor.invoke(DefaultMethodInvokingMethodInterceptor.java:69)
	at org.springframework.aop.framework.ReflectiveMethodInvocation.proceed(ReflectiveMethodInvocation.java:179)
	at org.springframework.transaction.interceptor.TransactionAspectSupport.invokeWithinTransaction(TransactionAspectSupport.java:370)
	at org.springframework.transaction.interceptor.TransactionInterceptor.invoke(TransactionInterceptor.java:118)
	at org.springframework.aop.framework.ReflectiveMethodInvocation.proceed(ReflectiveMethodInvocation.java:179)
	at org.springframework.dao.support.PersistenceExceptionTranslationInterceptor.invoke(PersistenceExceptionTranslationInterceptor.java:135)
	... 25 common frames omitted
Caused by: org.postgresql.util.PSQLException: ERROR: new row for relation "interview_schedule" violates check constraint "interview_schedule_status_check"
  详细：Failing row contains (1, 2026-07-02 19:22:03.171302, 6, 2026-04-15 19:30:00, 2026-07-02 19:22:03.171302, 阿里巴巴, VIDEO, 李老师, https://meeting.tencent.com/abc-defg-hij, 请提前10分钟入会，准备项目介绍与系统设计案..., 后端开发工程师, EXPIRED, 6).
	at org.postgresql.core.v3.QueryExecutorImpl.receiveErrorResponse(QueryExecutorImpl.java:2736)
	at org.postgresql.core.v3.QueryExecutorImpl.processResults(QueryExecutorImpl.java:2421)
	at org.postgresql.core.v3.QueryExecutorImpl.execute(QueryExecutorImpl.java:372)
	at org.postgresql.jdbc.PgStatement.executeInternal(PgStatement.java:525)
	at org.postgresql.jdbc.PgStatement.execute(PgStatement.java:435)
	at org.postgresql.jdbc.PgPreparedStatement.executeWithFlags(PgPreparedStatement.java:196)
	at org.postgresql.jdbc.PgPreparedStatement.executeUpdate(PgPreparedStatement.java:157)
	at com.zaxxer.hikari.pool.ProxyPreparedStatement.executeUpdate(ProxyPreparedStatement.java:61)
	at com.zaxxer.hikari.pool.HikariProxyPreparedStatement.executeUpdate(HikariProxyPreparedStatement.java)
	at org.hibernate.sql.exec.internal.StandardJdbcMutationExecutor.execute(StandardJdbcMutationExecutor.java:70)
	... 44 common frames omitted

2026-07-02T19:40:43.013+08:00  WARN 45732 --- [ai-interview-platform] [  scheduling-14] org.hibernate.orm.jdbc.error             : HHH000247: ErrorCode: 0, SQLState: 23514
2026-07-02T19:40:43.013+08:00  WARN 45732 --- [ai-interview-platform] [  scheduling-14] org.hibernate.orm.jdbc.error             : ERROR: new row for relation "interview_schedule" violates check constraint "interview_schedule_status_check"
  详细：Failing row contains (1, 2026-07-02 19:22:03.171302, 6, 2026-04-15 19:30:00, 2026-07-02 19:22:03.171302, 阿里巴巴, VIDEO, 李老师, https://meeting.tencent.com/abc-defg-hij, 请提前10分钟入会，准备项目介绍与系统设计案..., 后端开发工程师, EXPIRED, 6).
2026-07-02T19:40:43.015+08:00 ERROR 45732 --- [ai-interview-platform] [  scheduling-14] o.s.s.s.TaskUtils$LoggingErrorHandler    : Unexpected error occurred in scheduled task

org.springframework.dao.DataIntegrityViolationException: JDBC exception executing SQL [ERROR: new row for relation "interview_schedule" violates check constraint "interview_schedule_status_check"
  详细：Failing row contains (1, 2026-07-02 19:22:03.171302, 6, 2026-04-15 19:30:00, 2026-07-02 19:22:03.171302, 阿里巴巴, VIDEO, 李老师, https://meeting.tencent.com/abc-defg-hij, 请提前10分钟入会，准备项目介绍与系统设计案..., 后端开发工程师, EXPIRED, 6).] [update interview_schedule ise1_0 set status=? where ise1_0.status=? and ise1_0.interview_time<?]; SQL [update interview_schedule ise1_0 set status=? where ise1_0.status=? and ise1_0.interview_time<?]; constraint [interview_schedule_status_check]
	at org.springframework.orm.jpa.hibernate.HibernateExceptionTranslator.convertHibernateAccessException(HibernateExceptionTranslator.java:169)
	at org.springframework.orm.jpa.hibernate.HibernateExceptionTranslator.convertHibernateAccessException(HibernateExceptionTranslator.java:131)
	at org.springframework.orm.jpa.hibernate.HibernateExceptionTranslator.translateExceptionIfPossible(HibernateExceptionTranslator.java:105)
	at org.springframework.orm.jpa.vendor.HibernateJpaDialect.translateExceptionIfPossible(HibernateJpaDialect.java:199)
	at org.springframework.orm.jpa.AbstractEntityManagerFactoryBean.translateExceptionIfPossible(AbstractEntityManagerFactoryBean.java:556)
	at org.springframework.dao.support.ChainedPersistenceExceptionTranslator.translateExceptionIfPossible(ChainedPersistenceExceptionTranslator.java:61)
	at org.springframework.dao.support.DataAccessUtils.translateIfNecessary(DataAccessUtils.java:346)
	at org.springframework.dao.support.PersistenceExceptionTranslationInterceptor.invoke(PersistenceExceptionTranslationInterceptor.java:157)
	at org.springframework.aop.framework.ReflectiveMethodInvocation.proceed(ReflectiveMethodInvocation.java:179)
	at org.springframework.data.jpa.repository.support.CrudMethodMetadataPostProcessor$CrudMethodMetadataPopulatingMethodInterceptor.invoke(CrudMethodMetadataPostProcessor.java:137)
	at org.springframework.aop.framework.ReflectiveMethodInvocation.proceed(ReflectiveMethodInvocation.java:179)
	at org.springframework.aop.framework.JdkDynamicAopProxy.invoke(JdkDynamicAopProxy.java:222)
	at jdk.proxy2/jdk.proxy2.$Proxy209.updateStatusByStatusAndInterviewTimeBefore(Unknown Source)
	at interview.guide.modules.interviewschedule.service.ScheduleStatusUpdater.updateExpiredInterviews(ScheduleStatusUpdater.java:22)
	at java.base/jdk.internal.reflect.DirectMethodHandleAccessor.invoke(DirectMethodHandleAccessor.java:103)
	at java.base/java.lang.reflect.Method.invoke(Method.java:580)
	at org.springframework.aop.support.AopUtils.invokeJoinpointUsingReflection(AopUtils.java:359)
	at org.springframework.aop.framework.ReflectiveMethodInvocation.invokeJoinpoint(ReflectiveMethodInvocation.java:190)
	at org.springframework.aop.framework.ReflectiveMethodInvocation.proceed(ReflectiveMethodInvocation.java:158)
	at org.springframework.transaction.interceptor.TransactionAspectSupport.invokeWithinTransaction(TransactionAspectSupport.java:370)
	at org.springframework.transaction.interceptor.TransactionInterceptor.invoke(TransactionInterceptor.java:118)
	at org.springframework.aop.framework.ReflectiveMethodInvocation.proceed(ReflectiveMethodInvocation.java:179)
	at org.springframework.aop.framework.CglibAopProxy$DynamicAdvisedInterceptor.intercept(CglibAopProxy.java:719)
	at interview.guide.modules.interviewschedule.service.ScheduleStatusUpdater$$SpringCGLIB$$0.updateExpiredInterviews(<generated>)
	at java.base/jdk.internal.reflect.DirectMethodHandleAccessor.invoke(DirectMethodHandleAccessor.java:103)
	at java.base/java.lang.reflect.Method.invoke(Method.java:580)
	at org.springframework.scheduling.support.ScheduledMethodRunnable.runInternal(ScheduledMethodRunnable.java:128)
	at org.springframework.scheduling.support.ScheduledMethodRunnable.lambda$run$1(ScheduledMethodRunnable.java:122)
	at io.micrometer.observation.Observation.observe(Observation.java:498)
	at org.springframework.scheduling.support.ScheduledMethodRunnable.run(ScheduledMethodRunnable.java:122)
	at org.springframework.scheduling.config.Task$OutcomeTrackingRunnable.run(Task.java:88)
	at org.springframework.scheduling.support.DelegatingErrorHandlingRunnable.run(DelegatingErrorHandlingRunnable.java:54)
	at java.base/java.lang.VirtualThread.run(VirtualThread.java:329)
Caused by: org.hibernate.exception.ConstraintViolationException: JDBC exception executing SQL [ERROR: new row for relation "interview_schedule" violates check constraint "interview_schedule_status_check"
  详细：Failing row contains (1, 2026-07-02 19:22:03.171302, 6, 2026-04-15 19:30:00, 2026-07-02 19:22:03.171302, 阿里巴巴, VIDEO, 李老师, https://meeting.tencent.com/abc-defg-hij, 请提前10分钟入会，准备项目介绍与系统设计案..., 后端开发工程师, EXPIRED, 6).] [update interview_schedule ise1_0 set status=? where ise1_0.status=? and ise1_0.interview_time<?]
	at org.hibernate.exception.internal.SQLStateConversionDelegate.convert(SQLStateConversionDelegate.java:73)
	at org.hibernate.exception.internal.StandardSQLExceptionConverter.convert(StandardSQLExceptionConverter.java:34)
	at org.hibernate.engine.jdbc.spi.SqlExceptionHelper.convert(SqlExceptionHelper.java:115)
	at org.hibernate.sql.exec.internal.StandardJdbcMutationExecutor.handleException(StandardJdbcMutationExecutor.java:95)
	at org.hibernate.sql.exec.internal.StandardJdbcMutationExecutor.execute(StandardJdbcMutationExecutor.java:84)
	at org.hibernate.query.sqm.internal.SimpleNonSelectQueryPlan.execute(SimpleNonSelectQueryPlan.java:61)
	at org.hibernate.query.sqm.internal.SimpleNonSelectQueryPlan.executeUpdate(SimpleNonSelectQueryPlan.java:56)
	at org.hibernate.query.sqm.internal.SqmQueryImpl.doExecuteUpdate(SqmQueryImpl.java:509)
	at org.hibernate.query.sqm.internal.SqmQueryImpl.executeUpdate(SqmQueryImpl.java:481)
	at org.springframework.data.jpa.repository.query.JpaQueryExecution$ModifyingExecution.doExecute(JpaQueryExecution.java:373)
	at org.springframework.data.jpa.repository.query.JpaQueryExecution.execute(JpaQueryExecution.java:99)
	at org.springframework.data.jpa.repository.query.AbstractJpaQuery.doExecute(AbstractJpaQuery.java:164)
	at org.springframework.data.jpa.repository.query.AbstractJpaQuery.execute(AbstractJpaQuery.java:154)
	at org.springframework.data.repository.core.support.RepositoryMethodInvoker.doInvoke(RepositoryMethodInvoker.java:169)
	at org.springframework.data.repository.core.support.RepositoryMethodInvoker.invoke(RepositoryMethodInvoker.java:158)
	at org.springframework.data.repository.core.support.QueryExecutorMethodInterceptor.doInvoke(QueryExecutorMethodInterceptor.java:167)
	at org.springframework.data.repository.core.support.QueryExecutorMethodInterceptor.invoke(QueryExecutorMethodInterceptor.java:146)
	at org.springframework.aop.framework.ReflectiveMethodInvocation.proceed(ReflectiveMethodInvocation.java:179)
	at org.springframework.data.projection.DefaultMethodInvokingMethodInterceptor.invoke(DefaultMethodInvokingMethodInterceptor.java:69)
	at org.springframework.aop.framework.ReflectiveMethodInvocation.proceed(ReflectiveMethodInvocation.java:179)
	at org.springframework.transaction.interceptor.TransactionAspectSupport.invokeWithinTransaction(TransactionAspectSupport.java:370)
	at org.springframework.transaction.interceptor.TransactionInterceptor.invoke(TransactionInterceptor.java:118)
	at org.springframework.aop.framework.ReflectiveMethodInvocation.proceed(ReflectiveMethodInvocation.java:179)
	at org.springframework.dao.support.PersistenceExceptionTranslationInterceptor.invoke(PersistenceExceptionTranslationInterceptor.java:135)
	... 25 common frames omitted
Caused by: org.postgresql.util.PSQLException: ERROR: new row for relation "interview_schedule" violates check constraint "interview_schedule_status_check"
  详细：Failing row contains (1, 2026-07-02 19:22:03.171302, 6, 2026-04-15 19:30:00, 2026-07-02 19:22:03.171302, 阿里巴巴, VIDEO, 李老师, https://meeting.tencent.com/abc-defg-hij, 请提前10分钟入会，准备项目介绍与系统设计案..., 后端开发工程师, EXPIRED, 6).
	at org.postgresql.core.v3.QueryExecutorImpl.receiveErrorResponse(QueryExecutorImpl.java:2736)
	at org.postgresql.core.v3.QueryExecutorImpl.processResults(QueryExecutorImpl.java:2421)
	at org.postgresql.core.v3.QueryExecutorImpl.execute(QueryExecutorImpl.java:372)
	at org.postgresql.jdbc.PgStatement.executeInternal(PgStatement.java:525)
	at org.postgresql.jdbc.PgStatement.execute(PgStatement.java:435)
	at org.postgresql.jdbc.PgPreparedStatement.executeWithFlags(PgPreparedStatement.java:196)
	at org.postgresql.jdbc.PgPreparedStatement.executeUpdate(PgPreparedStatement.java:157)
	at com.zaxxer.hikari.pool.ProxyPreparedStatement.executeUpdate(ProxyPreparedStatement.java:61)
	at com.zaxxer.hikari.pool.HikariProxyPreparedStatement.executeUpdate(HikariProxyPreparedStatement.java)
	at org.hibernate.sql.exec.internal.StandardJdbcMutationExecutor.execute(StandardJdbcMutationExecutor.java:70)
	... 44 common frames omitted

2026-07-02T19:40:44.014+08:00  WARN 45732 --- [ai-interview-platform] [  scheduling-15] org.hibernate.orm.jdbc.error             : HHH000247: ErrorCode: 0, SQLState: 23514
2026-07-02T19:40:44.015+08:00  WARN 45732 --- [ai-interview-platform] [  scheduling-15] org.hibernate.orm.jdbc.error             : ERROR: new row for relation "interview_schedule" violates check constraint "interview_schedule_status_check"
  详细：Failing row contains (1, 2026-07-02 19:22:03.171302, 6, 2026-04-15 19:30:00, 2026-07-02 19:22:03.171302, 阿里巴巴, VIDEO, 李老师, https://meeting.tencent.com/abc-defg-hij, 请提前10分钟入会，准备项目介绍与系统设计案..., 后端开发工程师, EXPIRED, 6).
2026-07-02T19:40:44.017+08:00 ERROR 45732 --- [ai-interview-platform] [  scheduling-15] o.s.s.s.TaskUtils$LoggingErrorHandler    : Unexpected error occurred in scheduled task

org.springframework.dao.DataIntegrityViolationException: JDBC exception executing SQL [ERROR: new row for relation "interview_schedule" violates check constraint "interview_schedule_status_check"
  详细：Failing row contains (1, 2026-07-02 19:22:03.171302, 6, 2026-04-15 19:30:00, 2026-07-02 19:22:03.171302, 阿里巴巴, VIDEO, 李老师, https://meeting.tencent.com/abc-defg-hij, 请提前10分钟入会，准备项目介绍与系统设计案..., 后端开发工程师, EXPIRED, 6).] [update interview_schedule ise1_0 set status=? where ise1_0.status=? and ise1_0.interview_time<?]; SQL [update interview_schedule ise1_0 set status=? where ise1_0.status=? and ise1_0.interview_time<?]; constraint [interview_schedule_status_check]
	at org.springframework.orm.jpa.hibernate.HibernateExceptionTranslator.convertHibernateAccessException(HibernateExceptionTranslator.java:169)
	at org.springframework.orm.jpa.hibernate.HibernateExceptionTranslator.convertHibernateAccessException(HibernateExceptionTranslator.java:131)
	at org.springframework.orm.jpa.hibernate.HibernateExceptionTranslator.translateExceptionIfPossible(HibernateExceptionTranslator.java:105)
	at org.springframework.orm.jpa.vendor.HibernateJpaDialect.translateExceptionIfPossible(HibernateJpaDialect.java:199)
	at org.springframework.orm.jpa.AbstractEntityManagerFactoryBean.translateExceptionIfPossible(AbstractEntityManagerFactoryBean.java:556)
	at org.springframework.dao.support.ChainedPersistenceExceptionTranslator.translateExceptionIfPossible(ChainedPersistenceExceptionTranslator.java:61)
	at org.springframework.dao.support.DataAccessUtils.translateIfNecessary(DataAccessUtils.java:346)
	at org.springframework.dao.support.PersistenceExceptionTranslationInterceptor.invoke(PersistenceExceptionTranslationInterceptor.java:157)
	at org.springframework.aop.framework.ReflectiveMethodInvocation.proceed(ReflectiveMethodInvocation.java:179)
	at org.springframework.data.jpa.repository.support.CrudMethodMetadataPostProcessor$CrudMethodMetadataPopulatingMethodInterceptor.invoke(CrudMethodMetadataPostProcessor.java:137)
	at org.springframework.aop.framework.ReflectiveMethodInvocation.proceed(ReflectiveMethodInvocation.java:179)
	at org.springframework.aop.framework.JdkDynamicAopProxy.invoke(JdkDynamicAopProxy.java:222)
	at jdk.proxy2/jdk.proxy2.$Proxy209.updateStatusByStatusAndInterviewTimeBefore(Unknown Source)
	at interview.guide.modules.interviewschedule.service.ScheduleStatusUpdater.updateExpiredInterviews(ScheduleStatusUpdater.java:22)
	at java.base/jdk.internal.reflect.DirectMethodHandleAccessor.invoke(DirectMethodHandleAccessor.java:103)
	at java.base/java.lang.reflect.Method.invoke(Method.java:580)
	at org.springframework.aop.support.AopUtils.invokeJoinpointUsingReflection(AopUtils.java:359)
	at org.springframework.aop.framework.ReflectiveMethodInvocation.invokeJoinpoint(ReflectiveMethodInvocation.java:190)
	at org.springframework.aop.framework.ReflectiveMethodInvocation.proceed(ReflectiveMethodInvocation.java:158)
	at org.springframework.transaction.interceptor.TransactionAspectSupport.invokeWithinTransaction(TransactionAspectSupport.java:370)
	at org.springframework.transaction.interceptor.TransactionInterceptor.invoke(TransactionInterceptor.java:118)
	at org.springframework.aop.framework.ReflectiveMethodInvocation.proceed(ReflectiveMethodInvocation.java:179)
	at org.springframework.aop.framework.CglibAopProxy$DynamicAdvisedInterceptor.intercept(CglibAopProxy.java:719)
	at interview.guide.modules.interviewschedule.service.ScheduleStatusUpdater$$SpringCGLIB$$0.updateExpiredInterviews(<generated>)
	at java.base/jdk.internal.reflect.DirectMethodHandleAccessor.invoke(DirectMethodHandleAccessor.java:103)
	at java.base/java.lang.reflect.Method.invoke(Method.java:580)
	at org.springframework.scheduling.support.ScheduledMethodRunnable.runInternal(ScheduledMethodRunnable.java:128)
	at org.springframework.scheduling.support.ScheduledMethodRunnable.lambda$run$1(ScheduledMethodRunnable.java:122)
	at io.micrometer.observation.Observation.observe(Observation.java:498)
	at org.springframework.scheduling.support.ScheduledMethodRunnable.run(ScheduledMethodRunnable.java:122)
	at org.springframework.scheduling.config.Task$OutcomeTrackingRunnable.run(Task.java:88)
	at org.springframework.scheduling.support.DelegatingErrorHandlingRunnable.run(DelegatingErrorHandlingRunnable.java:54)
	at java.base/java.lang.VirtualThread.run(VirtualThread.java:329)
Caused by: org.hibernate.exception.ConstraintViolationException: JDBC exception executing SQL [ERROR: new row for relation "interview_schedule" violates check constraint "interview_schedule_status_check"
  详细：Failing row contains (1, 2026-07-02 19:22:03.171302, 6, 2026-04-15 19:30:00, 2026-07-02 19:22:03.171302, 阿里巴巴, VIDEO, 李老师, https://meeting.tencent.com/abc-defg-hij, 请提前10分钟入会，准备项目介绍与系统设计案..., 后端开发工程师, EXPIRED, 6).] [update interview_schedule ise1_0 set status=? where ise1_0.status=? and ise1_0.interview_time<?]
	at org.hibernate.exception.internal.SQLStateConversionDelegate.convert(SQLStateConversionDelegate.java:73)
	at org.hibernate.exception.internal.StandardSQLExceptionConverter.convert(StandardSQLExceptionConverter.java:34)
	at org.hibernate.engine.jdbc.spi.SqlExceptionHelper.convert(SqlExceptionHelper.java:115)
	at org.hibernate.sql.exec.internal.StandardJdbcMutationExecutor.handleException(StandardJdbcMutationExecutor.java:95)
	at org.hibernate.sql.exec.internal.StandardJdbcMutationExecutor.execute(StandardJdbcMutationExecutor.java:84)
	at org.hibernate.query.sqm.internal.SimpleNonSelectQueryPlan.execute(SimpleNonSelectQueryPlan.java:61)
	at org.hibernate.query.sqm.internal.SimpleNonSelectQueryPlan.executeUpdate(SimpleNonSelectQueryPlan.java:56)
	at org.hibernate.query.sqm.internal.SqmQueryImpl.doExecuteUpdate(SqmQueryImpl.java:509)
	at org.hibernate.query.sqm.internal.SqmQueryImpl.executeUpdate(SqmQueryImpl.java:481)
	at org.springframework.data.jpa.repository.query.JpaQueryExecution$ModifyingExecution.doExecute(JpaQueryExecution.java:373)
	at org.springframework.data.jpa.repository.query.JpaQueryExecution.execute(JpaQueryExecution.java:99)
	at org.springframework.data.jpa.repository.query.AbstractJpaQuery.doExecute(AbstractJpaQuery.java:164)
	at org.springframework.data.jpa.repository.query.AbstractJpaQuery.execute(AbstractJpaQuery.java:154)
	at org.springframework.data.repository.core.support.RepositoryMethodInvoker.doInvoke(RepositoryMethodInvoker.java:169)
	at org.springframework.data.repository.core.support.RepositoryMethodInvoker.invoke(RepositoryMethodInvoker.java:158)
	at org.springframework.data.repository.core.support.QueryExecutorMethodInterceptor.doInvoke(QueryExecutorMethodInterceptor.java:167)
	at org.springframework.data.repository.core.support.QueryExecutorMethodInterceptor.invoke(QueryExecutorMethodInterceptor.java:146)
	at org.springframework.aop.framework.ReflectiveMethodInvocation.proceed(ReflectiveMethodInvocation.java:179)
	at org.springframework.data.projection.DefaultMethodInvokingMethodInterceptor.invoke(DefaultMethodInvokingMethodInterceptor.java:69)
	at org.springframework.aop.framework.ReflectiveMethodInvocation.proceed(ReflectiveMethodInvocation.java:179)
	at org.springframework.transaction.interceptor.TransactionAspectSupport.invokeWithinTransaction(TransactionAspectSupport.java:370)
	at org.springframework.transaction.interceptor.TransactionInterceptor.invoke(TransactionInterceptor.java:118)
	at org.springframework.aop.framework.ReflectiveMethodInvocation.proceed(ReflectiveMethodInvocation.java:179)
	at org.springframework.dao.support.PersistenceExceptionTranslationInterceptor.invoke(PersistenceExceptionTranslationInterceptor.java:135)
	... 25 common frames omitted
Caused by: org.postgresql.util.PSQLException: ERROR: new row for relation "interview_schedule" violates check constraint "interview_schedule_status_check"
  详细：Failing row contains (1, 2026-07-02 19:22:03.171302, 6, 2026-04-15 19:30:00, 2026-07-02 19:22:03.171302, 阿里巴巴, VIDEO, 李老师, https://meeting.tencent.com/abc-defg-hij, 请提前10分钟入会，准备项目介绍与系统设计案..., 后端开发工程师, EXPIRED, 6).
	at org.postgresql.core.v3.QueryExecutorImpl.receiveErrorResponse(QueryExecutorImpl.java:2736)
	at org.postgresql.core.v3.QueryExecutorImpl.processResults(QueryExecutorImpl.java:2421)
	at org.postgresql.core.v3.QueryExecutorImpl.execute(QueryExecutorImpl.java:372)
	at org.postgresql.jdbc.PgStatement.executeInternal(PgStatement.java:525)
	at org.postgresql.jdbc.PgStatement.execute(PgStatement.java:435)
	at org.postgresql.jdbc.PgPreparedStatement.executeWithFlags(PgPreparedStatement.java:196)
	at org.postgresql.jdbc.PgPreparedStatement.executeUpdate(PgPreparedStatement.java:157)
	at com.zaxxer.hikari.pool.ProxyPreparedStatement.executeUpdate(ProxyPreparedStatement.java:61)
	at com.zaxxer.hikari.pool.HikariProxyPreparedStatement.executeUpdate(HikariProxyPreparedStatement.java)
	at org.hibernate.sql.exec.internal.StandardJdbcMutationExecutor.execute(StandardJdbcMutationExecutor.java:70)
	... 44 common frames omitted

2026-07-02T19:40:45.016+08:00  WARN 45732 --- [ai-interview-platform] [  scheduling-16] org.hibernate.orm.jdbc.error             : HHH000247: ErrorCode: 0, SQLState: 23514
2026-07-02T19:40:45.017+08:00  WARN 45732 --- [ai-interview-platform] [  scheduling-16] org.hibernate.orm.jdbc.error             : ERROR: new row for relation "interview_schedule" violates check constraint "interview_schedule_status_check"
  详细：Failing row contains (1, 2026-07-02 19:22:03.171302, 6, 2026-04-15 19:30:00, 2026-07-02 19:22:03.171302, 阿里巴巴, VIDEO, 李老师, https://meeting.tencent.com/abc-defg-hij, 请提前10分钟入会，准备项目介绍与系统设计案..., 后端开发工程师, EXPIRED, 6).
2026-07-02T19:40:45.019+08:00 ERROR 45732 --- [ai-interview-platform] [  scheduling-16] o.s.s.s.TaskUtils$LoggingErrorHandler    : Unexpected error occurred in scheduled task

org.springframework.dao.DataIntegrityViolationException: JDBC exception executing SQL [ERROR: new row for relation "interview_schedule" violates check constraint "interview_schedule_status_check"
  详细：Failing row contains (1, 2026-07-02 19:22:03.171302, 6, 2026-04-15 19:30:00, 2026-07-02 19:22:03.171302, 阿里巴巴, VIDEO, 李老师, https://meeting.tencent.com/abc-defg-hij, 请提前10分钟入会，准备项目介绍与系统设计案..., 后端开发工程师, EXPIRED, 6).] [update interview_schedule ise1_0 set status=? where ise1_0.status=? and ise1_0.interview_time<?]; SQL [update interview_schedule ise1_0 set status=? where ise1_0.status=? and ise1_0.interview_time<?]; constraint [interview_schedule_status_check]
	at org.springframework.orm.jpa.hibernate.HibernateExceptionTranslator.convertHibernateAccessException(HibernateExceptionTranslator.java:169)
	at org.springframework.orm.jpa.hibernate.HibernateExceptionTranslator.convertHibernateAccessException(HibernateExceptionTranslator.java:131)
	at org.springframework.orm.jpa.hibernate.HibernateExceptionTranslator.translateExceptionIfPossible(HibernateExceptionTranslator.java:105)
	at org.springframework.orm.jpa.vendor.HibernateJpaDialect.translateExceptionIfPossible(HibernateJpaDialect.java:199)
	at org.springframework.orm.jpa.AbstractEntityManagerFactoryBean.translateExceptionIfPossible(AbstractEntityManagerFactoryBean.java:556)
	at org.springframework.dao.support.ChainedPersistenceExceptionTranslator.translateExceptionIfPossible(ChainedPersistenceExceptionTranslator.java:61)
	at org.springframework.dao.support.DataAccessUtils.translateIfNecessary(DataAccessUtils.java:346)
	at org.springframework.dao.support.PersistenceExceptionTranslationInterceptor.invoke(PersistenceExceptionTranslationInterceptor.java:157)
	at org.springframework.aop.framework.ReflectiveMethodInvocation.proceed(ReflectiveMethodInvocation.java:179)
	at org.springframework.data.jpa.repository.support.CrudMethodMetadataPostProcessor$CrudMethodMetadataPopulatingMethodInterceptor.invoke(CrudMethodMetadataPostProcessor.java:137)
	at org.springframework.aop.framework.ReflectiveMethodInvocation.proceed(ReflectiveMethodInvocation.java:179)
	at org.springframework.aop.framework.JdkDynamicAopProxy.invoke(JdkDynamicAopProxy.java:222)
	at jdk.proxy2/jdk.proxy2.$Proxy209.updateStatusByStatusAndInterviewTimeBefore(Unknown Source)
	at interview.guide.modules.interviewschedule.service.ScheduleStatusUpdater.updateExpiredInterviews(ScheduleStatusUpdater.java:22)
	at java.base/jdk.internal.reflect.DirectMethodHandleAccessor.invoke(DirectMethodHandleAccessor.java:103)
	at java.base/java.lang.reflect.Method.invoke(Method.java:580)
	at org.springframework.aop.support.AopUtils.invokeJoinpointUsingReflection(AopUtils.java:359)
	at org.springframework.aop.framework.ReflectiveMethodInvocation.invokeJoinpoint(ReflectiveMethodInvocation.java:190)
	at org.springframework.aop.framework.ReflectiveMethodInvocation.proceed(ReflectiveMethodInvocation.java:158)
	at org.springframework.transaction.interceptor.TransactionAspectSupport.invokeWithinTransaction(TransactionAspectSupport.java:370)
	at org.springframework.transaction.interceptor.TransactionInterceptor.invoke(TransactionInterceptor.java:118)
	at org.springframework.aop.framework.ReflectiveMethodInvocation.proceed(ReflectiveMethodInvocation.java:179)
	at org.springframework.aop.framework.CglibAopProxy$DynamicAdvisedInterceptor.intercept(CglibAopProxy.java:719)
	at interview.guide.modules.interviewschedule.service.ScheduleStatusUpdater$$SpringCGLIB$$0.updateExpiredInterviews(<generated>)
	at java.base/jdk.internal.reflect.DirectMethodHandleAccessor.invoke(DirectMethodHandleAccessor.java:103)
	at java.base/java.lang.reflect.Method.invoke(Method.java:580)
	at org.springframework.scheduling.support.ScheduledMethodRunnable.runInternal(ScheduledMethodRunnable.java:128)
	at org.springframework.scheduling.support.ScheduledMethodRunnable.lambda$run$1(ScheduledMethodRunnable.java:122)
	at io.micrometer.observation.Observation.observe(Observation.java:498)
	at org.springframework.scheduling.support.ScheduledMethodRunnable.run(ScheduledMethodRunnable.java:122)
	at org.springframework.scheduling.config.Task$OutcomeTrackingRunnable.run(Task.java:88)
	at org.springframework.scheduling.support.DelegatingErrorHandlingRunnable.run(DelegatingErrorHandlingRunnable.java:54)
	at java.base/java.lang.VirtualThread.run(VirtualThread.java:329)
Caused by: org.hibernate.exception.ConstraintViolationException: JDBC exception executing SQL [ERROR: new row for relation "interview_schedule" violates check constraint "interview_schedule_status_check"
  详细：Failing row contains (1, 2026-07-02 19:22:03.171302, 6, 2026-04-15 19:30:00, 2026-07-02 19:22:03.171302, 阿里巴巴, VIDEO, 李老师, https://meeting.tencent.com/abc-defg-hij, 请提前10分钟入会，准备项目介绍与系统设计案..., 后端开发工程师, EXPIRED, 6).] [update interview_schedule ise1_0 set status=? where ise1_0.status=? and ise1_0.interview_time<?]
	at org.hibernate.exception.internal.SQLStateConversionDelegate.convert(SQLStateConversionDelegate.java:73)
	at org.hibernate.exception.internal.StandardSQLExceptionConverter.convert(StandardSQLExceptionConverter.java:34)
	at org.hibernate.engine.jdbc.spi.SqlExceptionHelper.convert(SqlExceptionHelper.java:115)
	at org.hibernate.sql.exec.internal.StandardJdbcMutationExecutor.handleException(StandardJdbcMutationExecutor.java:95)
	at org.hibernate.sql.exec.internal.StandardJdbcMutationExecutor.execute(StandardJdbcMutationExecutor.java:84)
	at org.hibernate.query.sqm.internal.SimpleNonSelectQueryPlan.execute(SimpleNonSelectQueryPlan.java:61)
	at org.hibernate.query.sqm.internal.SimpleNonSelectQueryPlan.executeUpdate(SimpleNonSelectQueryPlan.java:56)
	at org.hibernate.query.sqm.internal.SqmQueryImpl.doExecuteUpdate(SqmQueryImpl.java:509)
	at org.hibernate.query.sqm.internal.SqmQueryImpl.executeUpdate(SqmQueryImpl.java:481)
	at org.springframework.data.jpa.repository.query.JpaQueryExecution$ModifyingExecution.doExecute(JpaQueryExecution.java:373)
	at org.springframework.data.jpa.repository.query.JpaQueryExecution.execute(JpaQueryExecution.java:99)
	at org.springframework.data.jpa.repository.query.AbstractJpaQuery.doExecute(AbstractJpaQuery.java:164)
	at org.springframework.data.jpa.repository.query.AbstractJpaQuery.execute(AbstractJpaQuery.java:154)
	at org.springframework.data.repository.core.support.RepositoryMethodInvoker.doInvoke(RepositoryMethodInvoker.java:169)
	at org.springframework.data.repository.core.support.RepositoryMethodInvoker.invoke(RepositoryMethodInvoker.java:158)
	at org.springframework.data.repository.core.support.QueryExecutorMethodInterceptor.doInvoke(QueryExecutorMethodInterceptor.java:167)
	at org.springframework.data.repository.core.support.QueryExecutorMethodInterceptor.invoke(QueryExecutorMethodInterceptor.java:146)
	at org.springframework.aop.framework.ReflectiveMethodInvocation.proceed(ReflectiveMethodInvocation.java:179)
	at org.springframework.data.projection.DefaultMethodInvokingMethodInterceptor.invoke(DefaultMethodInvokingMethodInterceptor.java:69)
	at org.springframework.aop.framework.ReflectiveMethodInvocation.proceed(ReflectiveMethodInvocation.java:179)
	at org.springframework.transaction.interceptor.TransactionAspectSupport.invokeWithinTransaction(TransactionAspectSupport.java:370)
	at org.springframework.transaction.interceptor.TransactionInterceptor.invoke(TransactionInterceptor.java:118)
	at org.springframework.aop.framework.ReflectiveMethodInvocation.proceed(ReflectiveMethodInvocation.java:179)
	at org.springframework.dao.support.PersistenceExceptionTranslationInterceptor.invoke(PersistenceExceptionTranslationInterceptor.java:135)
	... 25 common frames omitted
Caused by: org.postgresql.util.PSQLException: ERROR: new row for relation "interview_schedule" violates check constraint "interview_schedule_status_check"
  详细：Failing row contains (1, 2026-07-02 19:22:03.171302, 6, 2026-04-15 19:30:00, 2026-07-02 19:22:03.171302, 阿里巴巴, VIDEO, 李老师, https://meeting.tencent.com/abc-defg-hij, 请提前10分钟入会，准备项目介绍与系统设计案..., 后端开发工程师, EXPIRED, 6).
	at org.postgresql.core.v3.QueryExecutorImpl.receiveErrorResponse(QueryExecutorImpl.java:2736)
	at org.postgresql.core.v3.QueryExecutorImpl.processResults(QueryExecutorImpl.java:2421)
	at org.postgresql.core.v3.QueryExecutorImpl.execute(QueryExecutorImpl.java:372)
	at org.postgresql.jdbc.PgStatement.executeInternal(PgStatement.java:525)
	at org.postgresql.jdbc.PgStatement.execute(PgStatement.java:435)
	at org.postgresql.jdbc.PgPreparedStatement.executeWithFlags(PgPreparedStatement.java:196)
	at org.postgresql.jdbc.PgPreparedStatement.executeUpdate(PgPreparedStatement.java:157)
	at com.zaxxer.hikari.pool.ProxyPreparedStatement.executeUpdate(ProxyPreparedStatement.java:61)
	at com.zaxxer.hikari.pool.HikariProxyPreparedStatement.executeUpdate(HikariProxyPreparedStatement.java)
	at org.hibernate.sql.exec.internal.StandardJdbcMutationExecutor.execute(StandardJdbcMutationExecutor.java:70)
	... 44 common frames omitted

2026-07-02T19:40:46.010+08:00  WARN 45732 --- [ai-interview-platform] [  scheduling-17] org.hibernate.orm.jdbc.error             : HHH000247: ErrorCode: 0, SQLState: 23514
2026-07-02T19:40:46.010+08:00  WARN 45732 --- [ai-interview-platform] [  scheduling-17] org.hibernate.orm.jdbc.error             : ERROR: new row for relation "interview_schedule" violates check constraint "interview_schedule_status_check"
  详细：Failing row contains (1, 2026-07-02 19:22:03.171302, 6, 2026-04-15 19:30:00, 2026-07-02 19:22:03.171302, 阿里巴巴, VIDEO, 李老师, https://meeting.tencent.com/abc-defg-hij, 请提前10分钟入会，准备项目介绍与系统设计案..., 后端开发工程师, EXPIRED, 6).
2026-07-02T19:40:46.013+08:00 ERROR 45732 --- [ai-interview-platform] [  scheduling-17] o.s.s.s.TaskUtils$LoggingErrorHandler    : Unexpected error occurred in scheduled task

org.springframework.dao.DataIntegrityViolationException: JDBC exception executing SQL [ERROR: new row for relation "interview_schedule" violates check constraint "interview_schedule_status_check"
  详细：Failing row contains (1, 2026-07-02 19:22:03.171302, 6, 2026-04-15 19:30:00, 2026-07-02 19:22:03.171302, 阿里巴巴, VIDEO, 李老师, https://meeting.tencent.com/abc-defg-hij, 请提前10分钟入会，准备项目介绍与系统设计案..., 后端开发工程师, EXPIRED, 6).] [update interview_schedule ise1_0 set status=? where ise1_0.status=? and ise1_0.interview_time<?]; SQL [update interview_schedule ise1_0 set status=? where ise1_0.status=? and ise1_0.interview_time<?]; constraint [interview_schedule_status_check]
	at org.springframework.orm.jpa.hibernate.HibernateExceptionTranslator.convertHibernateAccessException(HibernateExceptionTranslator.java:169)
	at org.springframework.orm.jpa.hibernate.HibernateExceptionTranslator.convertHibernateAccessException(HibernateExceptionTranslator.java:131)
	at org.springframework.orm.jpa.hibernate.HibernateExceptionTranslator.translateExceptionIfPossible(HibernateExceptionTranslator.java:105)
	at org.springframework.orm.jpa.vendor.HibernateJpaDialect.translateExceptionIfPossible(HibernateJpaDialect.java:199)
	at org.springframework.orm.jpa.AbstractEntityManagerFactoryBean.translateExceptionIfPossible(AbstractEntityManagerFactoryBean.java:556)
	at org.springframework.dao.support.ChainedPersistenceExceptionTranslator.translateExceptionIfPossible(ChainedPersistenceExceptionTranslator.java:61)
	at org.springframework.dao.support.DataAccessUtils.translateIfNecessary(DataAccessUtils.java:346)
	at org.springframework.dao.support.PersistenceExceptionTranslationInterceptor.invoke(PersistenceExceptionTranslationInterceptor.java:157)
	at org.springframework.aop.framework.ReflectiveMethodInvocation.proceed(ReflectiveMethodInvocation.java:179)
	at org.springframework.data.jpa.repository.support.CrudMethodMetadataPostProcessor$CrudMethodMetadataPopulatingMethodInterceptor.invoke(CrudMethodMetadataPostProcessor.java:137)
	at org.springframework.aop.framework.ReflectiveMethodInvocation.proceed(ReflectiveMethodInvocation.java:179)
	at org.springframework.aop.framework.JdkDynamicAopProxy.invoke(JdkDynamicAopProxy.java:222)
	at jdk.proxy2/jdk.proxy2.$Proxy209.updateStatusByStatusAndInterviewTimeBefore(Unknown Source)
	at interview.guide.modules.interviewschedule.service.ScheduleStatusUpdater.updateExpiredInterviews(ScheduleStatusUpdater.java:22)
	at java.base/jdk.internal.reflect.DirectMethodHandleAccessor.invoke(DirectMethodHandleAccessor.java:103)
	at java.base/java.lang.reflect.Method.invoke(Method.java:580)
	at org.springframework.aop.support.AopUtils.invokeJoinpointUsingReflection(AopUtils.java:359)
	at org.springframework.aop.framework.ReflectiveMethodInvocation.invokeJoinpoint(ReflectiveMethodInvocation.java:190)
	at org.springframework.aop.framework.ReflectiveMethodInvocation.proceed(ReflectiveMethodInvocation.java:158)
	at org.springframework.transaction.interceptor.TransactionAspectSupport.invokeWithinTransaction(TransactionAspectSupport.java:370)
	at org.springframework.transaction.interceptor.TransactionInterceptor.invoke(TransactionInterceptor.java:118)
	at org.springframework.aop.framework.ReflectiveMethodInvocation.proceed(ReflectiveMethodInvocation.java:179)
	at org.springframework.aop.framework.CglibAopProxy$DynamicAdvisedInterceptor.intercept(CglibAopProxy.java:719)
	at interview.guide.modules.interviewschedule.service.ScheduleStatusUpdater$$SpringCGLIB$$0.updateExpiredInterviews(<generated>)
	at java.base/jdk.internal.reflect.DirectMethodHandleAccessor.invoke(DirectMethodHandleAccessor.java:103)
	at java.base/java.lang.reflect.Method.invoke(Method.java:580)
	at org.springframework.scheduling.support.ScheduledMethodRunnable.runInternal(ScheduledMethodRunnable.java:128)
	at org.springframework.scheduling.support.ScheduledMethodRunnable.lambda$run$1(ScheduledMethodRunnable.java:122)
	at io.micrometer.observation.Observation.observe(Observation.java:498)
	at org.springframework.scheduling.support.ScheduledMethodRunnable.run(ScheduledMethodRunnable.java:122)
	at org.springframework.scheduling.config.Task$OutcomeTrackingRunnable.run(Task.java:88)
	at org.springframework.scheduling.support.DelegatingErrorHandlingRunnable.run(DelegatingErrorHandlingRunnable.java:54)
	at java.base/java.lang.VirtualThread.run(VirtualThread.java:329)
Caused by: org.hibernate.exception.ConstraintViolationException: JDBC exception executing SQL [ERROR: new row for relation "interview_schedule" violates check constraint "interview_schedule_status_check"
  详细：Failing row contains (1, 2026-07-02 19:22:03.171302, 6, 2026-04-15 19:30:00, 2026-07-02 19:22:03.171302, 阿里巴巴, VIDEO, 李老师, https://meeting.tencent.com/abc-defg-hij, 请提前10分钟入会，准备项目介绍与系统设计案..., 后端开发工程师, EXPIRED, 6).] [update interview_schedule ise1_0 set status=? where ise1_0.status=? and ise1_0.interview_time<?]
	at org.hibernate.exception.internal.SQLStateConversionDelegate.convert(SQLStateConversionDelegate.java:73)
	at org.hibernate.exception.internal.StandardSQLExceptionConverter.convert(StandardSQLExceptionConverter.java:34)
	at org.hibernate.engine.jdbc.spi.SqlExceptionHelper.convert(SqlExceptionHelper.java:115)
	at org.hibernate.sql.exec.internal.StandardJdbcMutationExecutor.handleException(StandardJdbcMutationExecutor.java:95)
	at org.hibernate.sql.exec.internal.StandardJdbcMutationExecutor.execute(StandardJdbcMutationExecutor.java:84)
	at org.hibernate.query.sqm.internal.SimpleNonSelectQueryPlan.execute(SimpleNonSelectQueryPlan.java:61)
	at org.hibernate.query.sqm.internal.SimpleNonSelectQueryPlan.executeUpdate(SimpleNonSelectQueryPlan.java:56)
	at org.hibernate.query.sqm.internal.SqmQueryImpl.doExecuteUpdate(SqmQueryImpl.java:509)
	at org.hibernate.query.sqm.internal.SqmQueryImpl.executeUpdate(SqmQueryImpl.java:481)
	at org.springframework.data.jpa.repository.query.JpaQueryExecution$ModifyingExecution.doExecute(JpaQueryExecution.java:373)
	at org.springframework.data.jpa.repository.query.JpaQueryExecution.execute(JpaQueryExecution.java:99)
	at org.springframework.data.jpa.repository.query.AbstractJpaQuery.doExecute(AbstractJpaQuery.java:164)
	at org.springframework.data.jpa.repository.query.AbstractJpaQuery.execute(AbstractJpaQuery.java:154)
	at org.springframework.data.repository.core.support.RepositoryMethodInvoker.doInvoke(RepositoryMethodInvoker.java:169)
	at org.springframework.data.repository.core.support.RepositoryMethodInvoker.invoke(RepositoryMethodInvoker.java:158)
	at org.springframework.data.repository.core.support.QueryExecutorMethodInterceptor.doInvoke(QueryExecutorMethodInterceptor.java:167)
	at org.springframework.data.repository.core.support.QueryExecutorMethodInterceptor.invoke(QueryExecutorMethodInterceptor.java:146)
	at org.springframework.aop.framework.ReflectiveMethodInvocation.proceed(ReflectiveMethodInvocation.java:179)
	at org.springframework.data.projection.DefaultMethodInvokingMethodInterceptor.invoke(DefaultMethodInvokingMethodInterceptor.java:69)
	at org.springframework.aop.framework.ReflectiveMethodInvocation.proceed(ReflectiveMethodInvocation.java:179)
	at org.springframework.transaction.interceptor.TransactionAspectSupport.invokeWithinTransaction(TransactionAspectSupport.java:370)
	at org.springframework.transaction.interceptor.TransactionInterceptor.invoke(TransactionInterceptor.java:118)
	at org.springframework.aop.framework.ReflectiveMethodInvocation.proceed(ReflectiveMethodInvocation.java:179)
	at org.springframework.dao.support.PersistenceExceptionTranslationInterceptor.invoke(PersistenceExceptionTranslationInterceptor.java:135)
	... 25 common frames omitted
Caused by: org.postgresql.util.PSQLException: ERROR: new row for relation "interview_schedule" violates check constraint "interview_schedule_status_check"
  详细：Failing row contains (1, 2026-07-02 19:22:03.171302, 6, 2026-04-15 19:30:00, 2026-07-02 19:22:03.171302, 阿里巴巴, VIDEO, 李老师, https://meeting.tencent.com/abc-defg-hij, 请提前10分钟入会，准备项目介绍与系统设计案..., 后端开发工程师, EXPIRED, 6).
	at org.postgresql.core.v3.QueryExecutorImpl.receiveErrorResponse(QueryExecutorImpl.java:2736)
	at org.postgresql.core.v3.QueryExecutorImpl.processResults(QueryExecutorImpl.java:2421)
	at org.postgresql.core.v3.QueryExecutorImpl.execute(QueryExecutorImpl.java:372)
	at org.postgresql.jdbc.PgStatement.executeInternal(PgStatement.java:525)
	at org.postgresql.jdbc.PgStatement.execute(PgStatement.java:435)
	at org.postgresql.jdbc.PgPreparedStatement.executeWithFlags(PgPreparedStatement.java:196)
	at org.postgresql.jdbc.PgPreparedStatement.executeUpdate(PgPreparedStatement.java:157)
	at com.zaxxer.hikari.pool.ProxyPreparedStatement.executeUpdate(ProxyPreparedStatement.java:61)
	at com.zaxxer.hikari.pool.HikariProxyPreparedStatement.executeUpdate(HikariProxyPreparedStatement.java)
	at org.hibernate.sql.exec.internal.StandardJdbcMutationExecutor.execute(StandardJdbcMutationExecutor.java:70)
	... 44 common frames omitted

2026-07-02T19:40:47.014+08:00  WARN 45732 --- [ai-interview-platform] [  scheduling-18] org.hibernate.orm.jdbc.error             : HHH000247: ErrorCode: 0, SQLState: 23514
2026-07-02T19:40:47.014+08:00  WARN 45732 --- [ai-interview-platform] [  scheduling-18] org.hibernate.orm.jdbc.error             : ERROR: new row for relation "interview_schedule" violates check constraint "interview_schedule_status_check"
  详细：Failing row contains (1, 2026-07-02 19:22:03.171302, 6, 2026-04-15 19:30:00, 2026-07-02 19:22:03.171302, 阿里巴巴, VIDEO, 李老师, https://meeting.tencent.com/abc-defg-hij, 请提前10分钟入会，准备项目介绍与系统设计案..., 后端开发工程师, EXPIRED, 6).
2026-07-02T19:40:47.015+08:00 ERROR 45732 --- [ai-interview-platform] [  scheduling-18] o.s.s.s.TaskUtils$LoggingErrorHandler    : Unexpected error occurred in scheduled task

org.springframework.dao.DataIntegrityViolationException: JDBC exception executing SQL [ERROR: new row for relation "interview_schedule" violates check constraint "interview_schedule_status_check"
  详细：Failing row contains (1, 2026-07-02 19:22:03.171302, 6, 2026-04-15 19:30:00, 2026-07-02 19:22:03.171302, 阿里巴巴, VIDEO, 李老师, https://meeting.tencent.com/abc-defg-hij, 请提前10分钟入会，准备项目介绍与系统设计案..., 后端开发工程师, EXPIRED, 6).] [update interview_schedule ise1_0 set status=? where ise1_0.status=? and ise1_0.interview_time<?]; SQL [update interview_schedule ise1_0 set status=? where ise1_0.status=? and ise1_0.interview_time<?]; constraint [interview_schedule_status_check]
	at org.springframework.orm.jpa.hibernate.HibernateExceptionTranslator.convertHibernateAccessException(HibernateExceptionTranslator.java:169)
	at org.springframework.orm.jpa.hibernate.HibernateExceptionTranslator.convertHibernateAccessException(HibernateExceptionTranslator.java:131)
	at org.springframework.orm.jpa.hibernate.HibernateExceptionTranslator.translateExceptionIfPossible(HibernateExceptionTranslator.java:105)
	at org.springframework.orm.jpa.vendor.HibernateJpaDialect.translateExceptionIfPossible(HibernateJpaDialect.java:199)
	at org.springframework.orm.jpa.AbstractEntityManagerFactoryBean.translateExceptionIfPossible(AbstractEntityManagerFactoryBean.java:556)
	at org.springframework.dao.support.ChainedPersistenceExceptionTranslator.translateExceptionIfPossible(ChainedPersistenceExceptionTranslator.java:61)
	at org.springframework.dao.support.DataAccessUtils.translateIfNecessary(DataAccessUtils.java:346)
	at org.springframework.dao.support.PersistenceExceptionTranslationInterceptor.invoke(PersistenceExceptionTranslationInterceptor.java:157)
	at org.springframework.aop.framework.ReflectiveMethodInvocation.proceed(ReflectiveMethodInvocation.java:179)
	at org.springframework.data.jpa.repository.support.CrudMethodMetadataPostProcessor$CrudMethodMetadataPopulatingMethodInterceptor.invoke(CrudMethodMetadataPostProcessor.java:137)
	at org.springframework.aop.framework.ReflectiveMethodInvocation.proceed(ReflectiveMethodInvocation.java:179)
	at org.springframework.aop.framework.JdkDynamicAopProxy.invoke(JdkDynamicAopProxy.java:222)
	at jdk.proxy2/jdk.proxy2.$Proxy209.updateStatusByStatusAndInterviewTimeBefore(Unknown Source)
	at interview.guide.modules.interviewschedule.service.ScheduleStatusUpdater.updateExpiredInterviews(ScheduleStatusUpdater.java:22)
	at java.base/jdk.internal.reflect.DirectMethodHandleAccessor.invoke(DirectMethodHandleAccessor.java:103)
	at java.base/java.lang.reflect.Method.invoke(Method.java:580)
	at org.springframework.aop.support.AopUtils.invokeJoinpointUsingReflection(AopUtils.java:359)
	at org.springframework.aop.framework.ReflectiveMethodInvocation.invokeJoinpoint(ReflectiveMethodInvocation.java:190)
	at org.springframework.aop.framework.ReflectiveMethodInvocation.proceed(ReflectiveMethodInvocation.java:158)
	at org.springframework.transaction.interceptor.TransactionAspectSupport.invokeWithinTransaction(TransactionAspectSupport.java:370)
	at org.springframework.transaction.interceptor.TransactionInterceptor.invoke(TransactionInterceptor.java:118)
	at org.springframework.aop.framework.ReflectiveMethodInvocation.proceed(ReflectiveMethodInvocation.java:179)
	at org.springframework.aop.framework.CglibAopProxy$DynamicAdvisedInterceptor.intercept(CglibAopProxy.java:719)
	at interview.guide.modules.interviewschedule.service.ScheduleStatusUpdater$$SpringCGLIB$$0.updateExpiredInterviews(<generated>)
	at java.base/jdk.internal.reflect.DirectMethodHandleAccessor.invoke(DirectMethodHandleAccessor.java:103)
	at java.base/java.lang.reflect.Method.invoke(Method.java:580)
	at org.springframework.scheduling.support.ScheduledMethodRunnable.runInternal(ScheduledMethodRunnable.java:128)
	at org.springframework.scheduling.support.ScheduledMethodRunnable.lambda$run$1(ScheduledMethodRunnable.java:122)
	at io.micrometer.observation.Observation.observe(Observation.java:498)
	at org.springframework.scheduling.support.ScheduledMethodRunnable.run(ScheduledMethodRunnable.java:122)
	at org.springframework.scheduling.config.Task$OutcomeTrackingRunnable.run(Task.java:88)
	at org.springframework.scheduling.support.DelegatingErrorHandlingRunnable.run(DelegatingErrorHandlingRunnable.java:54)
	at java.base/java.lang.VirtualThread.run(VirtualThread.java:329)
Caused by: org.hibernate.exception.ConstraintViolationException: JDBC exception executing SQL [ERROR: new row for relation "interview_schedule" violates check constraint "interview_schedule_status_check"
  详细：Failing row contains (1, 2026-07-02 19:22:03.171302, 6, 2026-04-15 19:30:00, 2026-07-02 19:22:03.171302, 阿里巴巴, VIDEO, 李老师, https://meeting.tencent.com/abc-defg-hij, 请提前10分钟入会，准备项目介绍与系统设计案..., 后端开发工程师, EXPIRED, 6).] [update interview_schedule ise1_0 set status=? where ise1_0.status=? and ise1_0.interview_time<?]
	at org.hibernate.exception.internal.SQLStateConversionDelegate.convert(SQLStateConversionDelegate.java:73)
	at org.hibernate.exception.internal.StandardSQLExceptionConverter.convert(StandardSQLExceptionConverter.java:34)
	at org.hibernate.engine.jdbc.spi.SqlExceptionHelper.convert(SqlExceptionHelper.java:115)
	at org.hibernate.sql.exec.internal.StandardJdbcMutationExecutor.handleException(StandardJdbcMutationExecutor.java:95)
	at org.hibernate.sql.exec.internal.StandardJdbcMutationExecutor.execute(StandardJdbcMutationExecutor.java:84)
	at org.hibernate.query.sqm.internal.SimpleNonSelectQueryPlan.execute(SimpleNonSelectQueryPlan.java:61)
	at org.hibernate.query.sqm.internal.SimpleNonSelectQueryPlan.executeUpdate(SimpleNonSelectQueryPlan.java:56)
	at org.hibernate.query.sqm.internal.SqmQueryImpl.doExecuteUpdate(SqmQueryImpl.java:509)
	at org.hibernate.query.sqm.internal.SqmQueryImpl.executeUpdate(SqmQueryImpl.java:481)
	at org.springframework.data.jpa.repository.query.JpaQueryExecution$ModifyingExecution.doExecute(JpaQueryExecution.java:373)
	at org.springframework.data.jpa.repository.query.JpaQueryExecution.execute(JpaQueryExecution.java:99)
	at org.springframework.data.jpa.repository.query.AbstractJpaQuery.doExecute(AbstractJpaQuery.java:164)
	at org.springframework.data.jpa.repository.query.AbstractJpaQuery.execute(AbstractJpaQuery.java:154)
	at org.springframework.data.repository.core.support.RepositoryMethodInvoker.doInvoke(RepositoryMethodInvoker.java:169)
	at org.springframework.data.repository.core.support.RepositoryMethodInvoker.invoke(RepositoryMethodInvoker.java:158)
	at org.springframework.data.repository.core.support.QueryExecutorMethodInterceptor.doInvoke(QueryExecutorMethodInterceptor.java:167)
	at org.springframework.data.repository.core.support.QueryExecutorMethodInterceptor.invoke(QueryExecutorMethodInterceptor.java:146)
	at org.springframework.aop.framework.ReflectiveMethodInvocation.proceed(ReflectiveMethodInvocation.java:179)
	at org.springframework.data.projection.DefaultMethodInvokingMethodInterceptor.invoke(DefaultMethodInvokingMethodInterceptor.java:69)
	at org.springframework.aop.framework.ReflectiveMethodInvocation.proceed(ReflectiveMethodInvocation.java:179)
	at org.springframework.transaction.interceptor.TransactionAspectSupport.invokeWithinTransaction(TransactionAspectSupport.java:370)
	at org.springframework.transaction.interceptor.TransactionInterceptor.invoke(TransactionInterceptor.java:118)
	at org.springframework.aop.framework.ReflectiveMethodInvocation.proceed(ReflectiveMethodInvocation.java:179)
	at org.springframework.dao.support.PersistenceExceptionTranslationInterceptor.invoke(PersistenceExceptionTranslationInterceptor.java:135)
	... 25 common frames omitted
Caused by: org.postgresql.util.PSQLException: ERROR: new row for relation "interview_schedule" violates check constraint "interview_schedule_status_check"
  详细：Failing row contains (1, 2026-07-02 19:22:03.171302, 6, 2026-04-15 19:30:00, 2026-07-02 19:22:03.171302, 阿里巴巴, VIDEO, 李老师, https://meeting.tencent.com/abc-defg-hij, 请提前10分钟入会，准备项目介绍与系统设计案..., 后端开发工程师, EXPIRED, 6).
	at org.postgresql.core.v3.QueryExecutorImpl.receiveErrorResponse(QueryExecutorImpl.java:2736)
	at org.postgresql.core.v3.QueryExecutorImpl.processResults(QueryExecutorImpl.java:2421)
	at org.postgresql.core.v3.QueryExecutorImpl.execute(QueryExecutorImpl.java:372)
	at org.postgresql.jdbc.PgStatement.executeInternal(PgStatement.java:525)
	at org.postgresql.jdbc.PgStatement.execute(PgStatement.java:435)
	at org.postgresql.jdbc.PgPreparedStatement.executeWithFlags(PgPreparedStatement.java:196)
	at org.postgresql.jdbc.PgPreparedStatement.executeUpdate(PgPreparedStatement.java:157)
	at com.zaxxer.hikari.pool.ProxyPreparedStatement.executeUpdate(ProxyPreparedStatement.java:61)
	at com.zaxxer.hikari.pool.HikariProxyPreparedStatement.executeUpdate(HikariProxyPreparedStatement.java)
	at org.hibernate.sql.exec.internal.StandardJdbcMutationExecutor.execute(StandardJdbcMutationExecutor.java:70)
	... 44 common frames omitted

2026-07-02T19:40:48.006+08:00  WARN 45732 --- [ai-interview-platform] [  scheduling-19] org.hibernate.orm.jdbc.error             : HHH000247: ErrorCode: 0, SQLState: 23514
2026-07-02T19:40:48.006+08:00  WARN 45732 --- [ai-interview-platform] [  scheduling-19] org.hibernate.orm.jdbc.error             : ERROR: new row for relation "interview_schedule" violates check constraint "interview_schedule_status_check"
  详细：Failing row contains (1, 2026-07-02 19:22:03.171302, 6, 2026-04-15 19:30:00, 2026-07-02 19:22:03.171302, 阿里巴巴, VIDEO, 李老师, https://meeting.tencent.com/abc-defg-hij, 请提前10分钟入会，准备项目介绍与系统设计案..., 后端开发工程师, EXPIRED, 6).
2026-07-02T19:40:48.008+08:00 ERROR 45732 --- [ai-interview-platform] [  scheduling-19] o.s.s.s.TaskUtils$LoggingErrorHandler    : Unexpected error occurred in scheduled task

org.springframework.dao.DataIntegrityViolationException: JDBC exception executing SQL [ERROR: new row for relation "interview_schedule" violates check constraint "interview_schedule_status_check"
  详细：Failing row contains (1, 2026-07-02 19:22:03.171302, 6, 2026-04-15 19:30:00, 2026-07-02 19:22:03.171302, 阿里巴巴, VIDEO, 李老师, https://meeting.tencent.com/abc-defg-hij, 请提前10分钟入会，准备项目介绍与系统设计案..., 后端开发工程师, EXPIRED, 6).] [update interview_schedule ise1_0 set status=? where ise1_0.status=? and ise1_0.interview_time<?]; SQL [update interview_schedule ise1_0 set status=? where ise1_0.status=? and ise1_0.interview_time<?]; constraint [interview_schedule_status_check]
	at org.springframework.orm.jpa.hibernate.HibernateExceptionTranslator.convertHibernateAccessException(HibernateExceptionTranslator.java:169)
	at org.springframework.orm.jpa.hibernate.HibernateExceptionTranslator.convertHibernateAccessException(HibernateExceptionTranslator.java:131)
	at org.springframework.orm.jpa.hibernate.HibernateExceptionTranslator.translateExceptionIfPossible(HibernateExceptionTranslator.java:105)
	at org.springframework.orm.jpa.vendor.HibernateJpaDialect.translateExceptionIfPossible(HibernateJpaDialect.java:199)
	at org.springframework.orm.jpa.AbstractEntityManagerFactoryBean.translateExceptionIfPossible(AbstractEntityManagerFactoryBean.java:556)
	at org.springframework.dao.support.ChainedPersistenceExceptionTranslator.translateExceptionIfPossible(ChainedPersistenceExceptionTranslator.java:61)
	at org.springframework.dao.support.DataAccessUtils.translateIfNecessary(DataAccessUtils.java:346)
	at org.springframework.dao.support.PersistenceExceptionTranslationInterceptor.invoke(PersistenceExceptionTranslationInterceptor.java:157)
	at org.springframework.aop.framework.ReflectiveMethodInvocation.proceed(ReflectiveMethodInvocation.java:179)
	at org.springframework.data.jpa.repository.support.CrudMethodMetadataPostProcessor$CrudMethodMetadataPopulatingMethodInterceptor.invoke(CrudMethodMetadataPostProcessor.java:137)
	at org.springframework.aop.framework.ReflectiveMethodInvocation.proceed(ReflectiveMethodInvocation.java:179)
	at org.springframework.aop.framework.JdkDynamicAopProxy.invoke(JdkDynamicAopProxy.java:222)
	at jdk.proxy2/jdk.proxy2.$Proxy209.updateStatusByStatusAndInterviewTimeBefore(Unknown Source)
	at interview.guide.modules.interviewschedule.service.ScheduleStatusUpdater.updateExpiredInterviews(ScheduleStatusUpdater.java:22)
	at java.base/jdk.internal.reflect.DirectMethodHandleAccessor.invoke(DirectMethodHandleAccessor.java:103)
	at java.base/java.lang.reflect.Method.invoke(Method.java:580)
	at org.springframework.aop.support.AopUtils.invokeJoinpointUsingReflection(AopUtils.java:359)
	at org.springframework.aop.framework.ReflectiveMethodInvocation.invokeJoinpoint(ReflectiveMethodInvocation.java:190)
	at org.springframework.aop.framework.ReflectiveMethodInvocation.proceed(ReflectiveMethodInvocation.java:158)
	at org.springframework.transaction.interceptor.TransactionAspectSupport.invokeWithinTransaction(TransactionAspectSupport.java:370)
	at org.springframework.transaction.interceptor.TransactionInterceptor.invoke(TransactionInterceptor.java:118)
	at org.springframework.aop.framework.ReflectiveMethodInvocation.proceed(ReflectiveMethodInvocation.java:179)
	at org.springframework.aop.framework.CglibAopProxy$DynamicAdvisedInterceptor.intercept(CglibAopProxy.java:719)
	at interview.guide.modules.interviewschedule.service.ScheduleStatusUpdater$$SpringCGLIB$$0.updateExpiredInterviews(<generated>)
	at java.base/jdk.internal.reflect.DirectMethodHandleAccessor.invoke(DirectMethodHandleAccessor.java:103)
	at java.base/java.lang.reflect.Method.invoke(Method.java:580)
	at org.springframework.scheduling.support.ScheduledMethodRunnable.runInternal(ScheduledMethodRunnable.java:128)
	at org.springframework.scheduling.support.ScheduledMethodRunnable.lambda$run$1(ScheduledMethodRunnable.java:122)
	at io.micrometer.observation.Observation.observe(Observation.java:498)
	at org.springframework.scheduling.support.ScheduledMethodRunnable.run(ScheduledMethodRunnable.java:122)
	at org.springframework.scheduling.config.Task$OutcomeTrackingRunnable.run(Task.java:88)
	at org.springframework.scheduling.support.DelegatingErrorHandlingRunnable.run(DelegatingErrorHandlingRunnable.java:54)
	at java.base/java.lang.VirtualThread.run(VirtualThread.java:329)
Caused by: org.hibernate.exception.ConstraintViolationException: JDBC exception executing SQL [ERROR: new row for relation "interview_schedule" violates check constraint "interview_schedule_status_check"
  详细：Failing row contains (1, 2026-07-02 19:22:03.171302, 6, 2026-04-15 19:30:00, 2026-07-02 19:22:03.171302, 阿里巴巴, VIDEO, 李老师, https://meeting.tencent.com/abc-defg-hij, 请提前10分钟入会，准备项目介绍与系统设计案..., 后端开发工程师, EXPIRED, 6).] [update interview_schedule ise1_0 set status=? where ise1_0.status=? and ise1_0.interview_time<?]
	at org.hibernate.exception.internal.SQLStateConversionDelegate.convert(SQLStateConversionDelegate.java:73)
	at org.hibernate.exception.internal.StandardSQLExceptionConverter.convert(StandardSQLExceptionConverter.java:34)
	at org.hibernate.engine.jdbc.spi.SqlExceptionHelper.convert(SqlExceptionHelper.java:115)
	at org.hibernate.sql.exec.internal.StandardJdbcMutationExecutor.handleException(StandardJdbcMutationExecutor.java:95)
	at org.hibernate.sql.exec.internal.StandardJdbcMutationExecutor.execute(StandardJdbcMutationExecutor.java:84)
	at org.hibernate.query.sqm.internal.SimpleNonSelectQueryPlan.execute(SimpleNonSelectQueryPlan.java:61)
	at org.hibernate.query.sqm.internal.SimpleNonSelectQueryPlan.executeUpdate(SimpleNonSelectQueryPlan.java:56)
	at org.hibernate.query.sqm.internal.SqmQueryImpl.doExecuteUpdate(SqmQueryImpl.java:509)
	at org.hibernate.query.sqm.internal.SqmQueryImpl.executeUpdate(SqmQueryImpl.java:481)
	at org.springframework.data.jpa.repository.query.JpaQueryExecution$ModifyingExecution.doExecute(JpaQueryExecution.java:373)
	at org.springframework.data.jpa.repository.query.JpaQueryExecution.execute(JpaQueryExecution.java:99)
	at org.springframework.data.jpa.repository.query.AbstractJpaQuery.doExecute(AbstractJpaQuery.java:164)
	at org.springframework.data.jpa.repository.query.AbstractJpaQuery.execute(AbstractJpaQuery.java:154)
	at org.springframework.data.repository.core.support.RepositoryMethodInvoker.doInvoke(RepositoryMethodInvoker.java:169)
	at org.springframework.data.repository.core.support.RepositoryMethodInvoker.invoke(RepositoryMethodInvoker.java:158)
	at org.springframework.data.repository.core.support.QueryExecutorMethodInterceptor.doInvoke(QueryExecutorMethodInterceptor.java:167)
	at org.springframework.data.repository.core.support.QueryExecutorMethodInterceptor.invoke(QueryExecutorMethodInterceptor.java:146)
	at org.springframework.aop.framework.ReflectiveMethodInvocation.proceed(ReflectiveMethodInvocation.java:179)
	at org.springframework.data.projection.DefaultMethodInvokingMethodInterceptor.invoke(DefaultMethodInvokingMethodInterceptor.java:69)
	at org.springframework.aop.framework.ReflectiveMethodInvocation.proceed(ReflectiveMethodInvocation.java:179)
	at org.springframework.transaction.interceptor.TransactionAspectSupport.invokeWithinTransaction(TransactionAspectSupport.java:370)
	at org.springframework.transaction.interceptor.TransactionInterceptor.invoke(TransactionInterceptor.java:118)
	at org.springframework.aop.framework.ReflectiveMethodInvocation.proceed(ReflectiveMethodInvocation.java:179)
	at org.springframework.dao.support.PersistenceExceptionTranslationInterceptor.invoke(PersistenceExceptionTranslationInterceptor.java:135)
	... 25 common frames omitted
Caused by: org.postgresql.util.PSQLException: ERROR: new row for relation "interview_schedule" violates check constraint "interview_schedule_status_check"
  详细：Failing row contains (1, 2026-07-02 19:22:03.171302, 6, 2026-04-15 19:30:00, 2026-07-02 19:22:03.171302, 阿里巴巴, VIDEO, 李老师, https://meeting.tencent.com/abc-defg-hij, 请提前10分钟入会，准备项目介绍与系统设计案..., 后端开发工程师, EXPIRED, 6).
	at org.postgresql.core.v3.QueryExecutorImpl.receiveErrorResponse(QueryExecutorImpl.java:2736)
	at org.postgresql.core.v3.QueryExecutorImpl.processResults(QueryExecutorImpl.java:2421)
	at org.postgresql.core.v3.QueryExecutorImpl.execute(QueryExecutorImpl.java:372)
	at org.postgresql.jdbc.PgStatement.executeInternal(PgStatement.java:525)
	at org.postgresql.jdbc.PgStatement.execute(PgStatement.java:435)
	at org.postgresql.jdbc.PgPreparedStatement.executeWithFlags(PgPreparedStatement.java:196)
	at org.postgresql.jdbc.PgPreparedStatement.executeUpdate(PgPreparedStatement.java:157)
	at com.zaxxer.hikari.pool.ProxyPreparedStatement.executeUpdate(ProxyPreparedStatement.java:61)
	at com.zaxxer.hikari.pool.HikariProxyPreparedStatement.executeUpdate(HikariProxyPreparedStatement.java)
	at org.hibernate.sql.exec.internal.StandardJdbcMutationExecutor.execute(StandardJdbcMutationExecutor.java:70)
	... 44 common frames omitted

2026-07-02T19:40:49.014+08:00  WARN 45732 --- [ai-interview-platform] [  scheduling-20] org.hibernate.orm.jdbc.error             : HHH000247: ErrorCode: 0, SQLState: 23514
2026-07-02T19:40:49.014+08:00  WARN 45732 --- [ai-interview-platform] [  scheduling-20] org.hibernate.orm.jdbc.error             : ERROR: new row for relation "interview_schedule" violates check constraint "interview_schedule_status_check"
  详细：Failing row contains (1, 2026-07-02 19:22:03.171302, 6, 2026-04-15 19:30:00, 2026-07-02 19:22:03.171302, 阿里巴巴, VIDEO, 李老师, https://meeting.tencent.com/abc-defg-hij, 请提前10分钟入会，准备项目介绍与系统设计案..., 后端开发工程师, EXPIRED, 6).
2026-07-02T19:40:49.017+08:00 ERROR 45732 --- [ai-interview-platform] [  scheduling-20] o.s.s.s.TaskUtils$LoggingErrorHandler    : Unexpected error occurred in scheduled task

org.springframework.dao.DataIntegrityViolationException: JDBC exception executing SQL [ERROR: new row for relation "interview_schedule" violates check constraint "interview_schedule_status_check"
  详细：Failing row contains (1, 2026-07-02 19:22:03.171302, 6, 2026-04-15 19:30:00, 2026-07-02 19:22:03.171302, 阿里巴巴, VIDEO, 李老师, https://meeting.tencent.com/abc-defg-hij, 请提前10分钟入会，准备项目介绍与系统设计案..., 后端开发工程师, EXPIRED, 6).] [update interview_schedule ise1_0 set status=? where ise1_0.status=? and ise1_0.interview_time<?]; SQL [update interview_schedule ise1_0 set status=? where ise1_0.status=? and ise1_0.interview_time<?]; constraint [interview_schedule_status_check]
	at org.springframework.orm.jpa.hibernate.HibernateExceptionTranslator.convertHibernateAccessException(HibernateExceptionTranslator.java:169)
	at org.springframework.orm.jpa.hibernate.HibernateExceptionTranslator.convertHibernateAccessException(HibernateExceptionTranslator.java:131)
	at org.springframework.orm.jpa.hibernate.HibernateExceptionTranslator.translateExceptionIfPossible(HibernateExceptionTranslator.java:105)
	at org.springframework.orm.jpa.vendor.HibernateJpaDialect.translateExceptionIfPossible(HibernateJpaDialect.java:199)
	at org.springframework.orm.jpa.AbstractEntityManagerFactoryBean.translateExceptionIfPossible(AbstractEntityManagerFactoryBean.java:556)
	at org.springframework.dao.support.ChainedPersistenceExceptionTranslator.translateExceptionIfPossible(ChainedPersistenceExceptionTranslator.java:61)
	at org.springframework.dao.support.DataAccessUtils.translateIfNecessary(DataAccessUtils.java:346)
	at org.springframework.dao.support.PersistenceExceptionTranslationInterceptor.invoke(PersistenceExceptionTranslationInterceptor.java:157)
	at org.springframework.aop.framework.ReflectiveMethodInvocation.proceed(ReflectiveMethodInvocation.java:179)
	at org.springframework.data.jpa.repository.support.CrudMethodMetadataPostProcessor$CrudMethodMetadataPopulatingMethodInterceptor.invoke(CrudMethodMetadataPostProcessor.java:137)
	at org.springframework.aop.framework.ReflectiveMethodInvocation.proceed(ReflectiveMethodInvocation.java:179)
	at org.springframework.aop.framework.JdkDynamicAopProxy.invoke(JdkDynamicAopProxy.java:222)
	at jdk.proxy2/jdk.proxy2.$Proxy209.updateStatusByStatusAndInterviewTimeBefore(Unknown Source)
	at interview.guide.modules.interviewschedule.service.ScheduleStatusUpdater.updateExpiredInterviews(ScheduleStatusUpdater.java:22)
	at java.base/jdk.internal.reflect.DirectMethodHandleAccessor.invoke(DirectMethodHandleAccessor.java:103)
	at java.base/java.lang.reflect.Method.invoke(Method.java:580)
	at org.springframework.aop.support.AopUtils.invokeJoinpointUsingReflection(AopUtils.java:359)
	at org.springframework.aop.framework.ReflectiveMethodInvocation.invokeJoinpoint(ReflectiveMethodInvocation.java:190)
	at org.springframework.aop.framework.ReflectiveMethodInvocation.proceed(ReflectiveMethodInvocation.java:158)
	at org.springframework.transaction.interceptor.TransactionAspectSupport.invokeWithinTransaction(TransactionAspectSupport.java:370)
	at org.springframework.transaction.interceptor.TransactionInterceptor.invoke(TransactionInterceptor.java:118)
	at org.springframework.aop.framework.ReflectiveMethodInvocation.proceed(ReflectiveMethodInvocation.java:179)
	at org.springframework.aop.framework.CglibAopProxy$DynamicAdvisedInterceptor.intercept(CglibAopProxy.java:719)
	at interview.guide.modules.interviewschedule.service.ScheduleStatusUpdater$$SpringCGLIB$$0.updateExpiredInterviews(<generated>)
	at java.base/jdk.internal.reflect.DirectMethodHandleAccessor.invoke(DirectMethodHandleAccessor.java:103)
	at java.base/java.lang.reflect.Method.invoke(Method.java:580)
	at org.springframework.scheduling.support.ScheduledMethodRunnable.runInternal(ScheduledMethodRunnable.java:128)
	at org.springframework.scheduling.support.ScheduledMethodRunnable.lambda$run$1(ScheduledMethodRunnable.java:122)
	at io.micrometer.observation.Observation.observe(Observation.java:498)
	at org.springframework.scheduling.support.ScheduledMethodRunnable.run(ScheduledMethodRunnable.java:122)
	at org.springframework.scheduling.config.Task$OutcomeTrackingRunnable.run(Task.java:88)
	at org.springframework.scheduling.support.DelegatingErrorHandlingRunnable.run(DelegatingErrorHandlingRunnable.java:54)
	at java.base/java.lang.VirtualThread.run(VirtualThread.java:329)
Caused by: org.hibernate.exception.ConstraintViolationException: JDBC exception executing SQL [ERROR: new row for relation "interview_schedule" violates check constraint "interview_schedule_status_check"
  详细：Failing row contains (1, 2026-07-02 19:22:03.171302, 6, 2026-04-15 19:30:00, 2026-07-02 19:22:03.171302, 阿里巴巴, VIDEO, 李老师, https://meeting.tencent.com/abc-defg-hij, 请提前10分钟入会，准备项目介绍与系统设计案..., 后端开发工程师, EXPIRED, 6).] [update interview_schedule ise1_0 set status=? where ise1_0.status=? and ise1_0.interview_time<?]
	at org.hibernate.exception.internal.SQLStateConversionDelegate.convert(SQLStateConversionDelegate.java:73)
	at org.hibernate.exception.internal.StandardSQLExceptionConverter.convert(StandardSQLExceptionConverter.java:34)
	at org.hibernate.engine.jdbc.spi.SqlExceptionHelper.convert(SqlExceptionHelper.java:115)
	at org.hibernate.sql.exec.internal.StandardJdbcMutationExecutor.handleException(StandardJdbcMutationExecutor.java:95)
	at org.hibernate.sql.exec.internal.StandardJdbcMutationExecutor.execute(StandardJdbcMutationExecutor.java:84)
	at org.hibernate.query.sqm.internal.SimpleNonSelectQueryPlan.execute(SimpleNonSelectQueryPlan.java:61)
	at org.hibernate.query.sqm.internal.SimpleNonSelectQueryPlan.executeUpdate(SimpleNonSelectQueryPlan.java:56)
	at org.hibernate.query.sqm.internal.SqmQueryImpl.doExecuteUpdate(SqmQueryImpl.java:509)
	at org.hibernate.query.sqm.internal.SqmQueryImpl.executeUpdate(SqmQueryImpl.java:481)
	at org.springframework.data.jpa.repository.query.JpaQueryExecution$ModifyingExecution.doExecute(JpaQueryExecution.java:373)
	at org.springframework.data.jpa.repository.query.JpaQueryExecution.execute(JpaQueryExecution.java:99)
	at org.springframework.data.jpa.repository.query.AbstractJpaQuery.doExecute(AbstractJpaQuery.java:164)
	at org.springframework.data.jpa.repository.query.AbstractJpaQuery.execute(AbstractJpaQuery.java:154)
	at org.springframework.data.repository.core.support.RepositoryMethodInvoker.doInvoke(RepositoryMethodInvoker.java:169)
	at org.springframework.data.repository.core.support.RepositoryMethodInvoker.invoke(RepositoryMethodInvoker.java:158)
	at org.springframework.data.repository.core.support.QueryExecutorMethodInterceptor.doInvoke(QueryExecutorMethodInterceptor.java:167)
	at org.springframework.data.repository.core.support.QueryExecutorMethodInterceptor.invoke(QueryExecutorMethodInterceptor.java:146)
	at org.springframework.aop.framework.ReflectiveMethodInvocation.proceed(ReflectiveMethodInvocation.java:179)
	at org.springframework.data.projection.DefaultMethodInvokingMethodInterceptor.invoke(DefaultMethodInvokingMethodInterceptor.java:69)
	at org.springframework.aop.framework.ReflectiveMethodInvocation.proceed(ReflectiveMethodInvocation.java:179)
	at org.springframework.transaction.interceptor.TransactionAspectSupport.invokeWithinTransaction(TransactionAspectSupport.java:370)
	at org.springframework.transaction.interceptor.TransactionInterceptor.invoke(TransactionInterceptor.java:118)
	at org.springframework.aop.framework.ReflectiveMethodInvocation.proceed(ReflectiveMethodInvocation.java:179)
	at org.springframework.dao.support.PersistenceExceptionTranslationInterceptor.invoke(PersistenceExceptionTranslationInterceptor.java:135)
	... 25 common frames omitted
Caused by: org.postgresql.util.PSQLException: ERROR: new row for relation "interview_schedule" violates check constraint "interview_schedule_status_check"
  详细：Failing row contains (1, 2026-07-02 19:22:03.171302, 6, 2026-04-15 19:30:00, 2026-07-02 19:22:03.171302, 阿里巴巴, VIDEO, 李老师, https://meeting.tencent.com/abc-defg-hij, 请提前10分钟入会，准备项目介绍与系统设计案..., 后端开发工程师, EXPIRED, 6).
	at org.postgresql.core.v3.QueryExecutorImpl.receiveErrorResponse(QueryExecutorImpl.java:2736)
	at org.postgresql.core.v3.QueryExecutorImpl.processResults(QueryExecutorImpl.java:2421)
	at org.postgresql.core.v3.QueryExecutorImpl.execute(QueryExecutorImpl.java:372)
	at org.postgresql.jdbc.PgStatement.executeInternal(PgStatement.java:525)
	at org.postgresql.jdbc.PgStatement.execute(PgStatement.java:435)
	at org.postgresql.jdbc.PgPreparedStatement.executeWithFlags(PgPreparedStatement.java:196)
	at org.postgresql.jdbc.PgPreparedStatement.executeUpdate(PgPreparedStatement.java:157)
	at com.zaxxer.hikari.pool.ProxyPreparedStatement.executeUpdate(ProxyPreparedStatement.java:61)
	at com.zaxxer.hikari.pool.HikariProxyPreparedStatement.executeUpdate(HikariProxyPreparedStatement.java)
	at org.hibernate.sql.exec.internal.StandardJdbcMutationExecutor.execute(StandardJdbcMutationExecutor.java:70)
	... 44 common frames omitted

2026-07-02T19:40:49.931+08:00  INFO 45732 --- [ai-interview-platform] [omcat-handler-0] o.a.c.c.C.[Tomcat].[localhost].[/]       : Initializing Spring DispatcherServlet 'dispatcherServlet'
2026-07-02T19:40:49.931+08:00  INFO 45732 --- [ai-interview-platform] [omcat-handler-0] o.s.web.servlet.DispatcherServlet        : Initializing Servlet 'dispatcherServlet'
2026-07-02T19:40:49.934+08:00  INFO 45732 --- [ai-interview-platform] [omcat-handler-0] o.s.web.servlet.DispatcherServlet        : Completed initialization in 3 ms
2026-07-02T19:40:49.966+08:00  WARN 45732 --- [ai-interview-platform] [omcat-handler-0] i.g.c.exception.GlobalExceptionHandler   : 业务异常: code=401, message=请先登录
2026-07-02T19:40:50.014+08:00  WARN 45732 --- [ai-interview-platform] [  scheduling-21] org.hibernate.orm.jdbc.error             : HHH000247: ErrorCode: 0, SQLState: 23514
2026-07-02T19:40:50.014+08:00  WARN 45732 --- [ai-interview-platform] [  scheduling-21] org.hibernate.orm.jdbc.error             : ERROR: new row for relation "interview_schedule" violates check constraint "interview_schedule_status_check"
  详细：Failing row contains (1, 2026-07-02 19:22:03.171302, 6, 2026-04-15 19:30:00, 2026-07-02 19:22:03.171302, 阿里巴巴, VIDEO, 李老师, https://meeting.tencent.com/abc-defg-hij, 请提前10分钟入会，准备项目介绍与系统设计案..., 后端开发工程师, EXPIRED, 6).
2026-07-02T19:40:50.016+08:00 ERROR 45732 --- [ai-interview-platform] [  scheduling-21] o.s.s.s.TaskUtils$LoggingErrorHandler    : Unexpected error occurred in scheduled task

org.springframework.dao.DataIntegrityViolationException: JDBC exception executing SQL [ERROR: new row for relation "interview_schedule" violates check constraint "interview_schedule_status_check"
  详细：Failing row contains (1, 2026-07-02 19:22:03.171302, 6, 2026-04-15 19:30:00, 2026-07-02 19:22:03.171302, 阿里巴巴, VIDEO, 李老师, https://meeting.tencent.com/abc-defg-hij, 请提前10分钟入会，准备项目介绍与系统设计案..., 后端开发工程师, EXPIRED, 6).] [update interview_schedule ise1_0 set status=? where ise1_0.status=? and ise1_0.interview_time<?]; SQL [update interview_schedule ise1_0 set status=? where ise1_0.status=? and ise1_0.interview_time<?]; constraint [interview_schedule_status_check]
	at org.springframework.orm.jpa.hibernate.HibernateExceptionTranslator.convertHibernateAccessException(HibernateExceptionTranslator.java:169)
	at org.springframework.orm.jpa.hibernate.HibernateExceptionTranslator.convertHibernateAccessException(HibernateExceptionTranslator.java:131)
	at org.springframework.orm.jpa.hibernate.HibernateExceptionTranslator.translateExceptionIfPossible(HibernateExceptionTranslator.java:105)
	at org.springframework.orm.jpa.vendor.HibernateJpaDialect.translateExceptionIfPossible(HibernateJpaDialect.java:199)
	at org.springframework.orm.jpa.AbstractEntityManagerFactoryBean.translateExceptionIfPossible(AbstractEntityManagerFactoryBean.java:556)
	at org.springframework.dao.support.ChainedPersistenceExceptionTranslator.translateExceptionIfPossible(ChainedPersistenceExceptionTranslator.java:61)
	at org.springframework.dao.support.DataAccessUtils.translateIfNecessary(DataAccessUtils.java:346)
	at org.springframework.dao.support.PersistenceExceptionTranslationInterceptor.invoke(PersistenceExceptionTranslationInterceptor.java:157)
	at org.springframework.aop.framework.ReflectiveMethodInvocation.proceed(ReflectiveMethodInvocation.java:179)
	at org.springframework.data.jpa.repository.support.CrudMethodMetadataPostProcessor$CrudMethodMetadataPopulatingMethodInterceptor.invoke(CrudMethodMetadataPostProcessor.java:137)
	at org.springframework.aop.framework.ReflectiveMethodInvocation.proceed(ReflectiveMethodInvocation.java:179)
	at org.springframework.aop.framework.JdkDynamicAopProxy.invoke(JdkDynamicAopProxy.java:222)
	at jdk.proxy2/jdk.proxy2.$Proxy209.updateStatusByStatusAndInterviewTimeBefore(Unknown Source)
	at interview.guide.modules.interviewschedule.service.ScheduleStatusUpdater.updateExpiredInterviews(ScheduleStatusUpdater.java:22)
	at java.base/jdk.internal.reflect.DirectMethodHandleAccessor.invoke(DirectMethodHandleAccessor.java:103)
	at java.base/java.lang.reflect.Method.invoke(Method.java:580)
	at org.springframework.aop.support.AopUtils.invokeJoinpointUsingReflection(AopUtils.java:359)
	at org.springframework.aop.framework.ReflectiveMethodInvocation.invokeJoinpoint(ReflectiveMethodInvocation.java:190)
	at org.springframework.aop.framework.ReflectiveMethodInvocation.proceed(ReflectiveMethodInvocation.java:158)
	at org.springframework.transaction.interceptor.TransactionAspectSupport.invokeWithinTransaction(TransactionAspectSupport.java:370)
	at org.springframework.transaction.interceptor.TransactionInterceptor.invoke(TransactionInterceptor.java:118)
	at org.springframework.aop.framework.ReflectiveMethodInvocation.proceed(ReflectiveMethodInvocation.java:179)
	at org.springframework.aop.framework.CglibAopProxy$DynamicAdvisedInterceptor.intercept(CglibAopProxy.java:719)
	at interview.guide.modules.interviewschedule.service.ScheduleStatusUpdater$$SpringCGLIB$$0.updateExpiredInterviews(<generated>)
	at java.base/jdk.internal.reflect.DirectMethodHandleAccessor.invoke(DirectMethodHandleAccessor.java:103)
	at java.base/java.lang.reflect.Method.invoke(Method.java:580)
	at org.springframework.scheduling.support.ScheduledMethodRunnable.runInternal(ScheduledMethodRunnable.java:128)
	at org.springframework.scheduling.support.ScheduledMethodRunnable.lambda$run$1(ScheduledMethodRunnable.java:122)
	at io.micrometer.observation.Observation.observe(Observation.java:498)
	at org.springframework.scheduling.support.ScheduledMethodRunnable.run(ScheduledMethodRunnable.java:122)
	at org.springframework.scheduling.config.Task$OutcomeTrackingRunnable.run(Task.java:88)
	at org.springframework.scheduling.support.DelegatingErrorHandlingRunnable.run(DelegatingErrorHandlingRunnable.java:54)
	at java.base/java.lang.VirtualThread.run(VirtualThread.java:329)
Caused by: org.hibernate.exception.ConstraintViolationException: JDBC exception executing SQL [ERROR: new row for relation "interview_schedule" violates check constraint "interview_schedule_status_check"
  详细：Failing row contains (1, 2026-07-02 19:22:03.171302, 6, 2026-04-15 19:30:00, 2026-07-02 19:22:03.171302, 阿里巴巴, VIDEO, 李老师, https://meeting.tencent.com/abc-defg-hij, 请提前10分钟入会，准备项目介绍与系统设计案..., 后端开发工程师, EXPIRED, 6).] [update interview_schedule ise1_0 set status=? where ise1_0.status=? and ise1_0.interview_time<?]
	at org.hibernate.exception.internal.SQLStateConversionDelegate.convert(SQLStateConversionDelegate.java:73)
	at org.hibernate.exception.internal.StandardSQLExceptionConverter.convert(StandardSQLExceptionConverter.java:34)
	at org.hibernate.engine.jdbc.spi.SqlExceptionHelper.convert(SqlExceptionHelper.java:115)
	at org.hibernate.sql.exec.internal.StandardJdbcMutationExecutor.handleException(StandardJdbcMutationExecutor.java:95)
	at org.hibernate.sql.exec.internal.StandardJdbcMutationExecutor.execute(StandardJdbcMutationExecutor.java:84)
	at org.hibernate.query.sqm.internal.SimpleNonSelectQueryPlan.execute(SimpleNonSelectQueryPlan.java:61)
	at org.hibernate.query.sqm.internal.SimpleNonSelectQueryPlan.executeUpdate(SimpleNonSelectQueryPlan.java:56)
	at org.hibernate.query.sqm.internal.SqmQueryImpl.doExecuteUpdate(SqmQueryImpl.java:509)
	at org.hibernate.query.sqm.internal.SqmQueryImpl.executeUpdate(SqmQueryImpl.java:481)
	at org.springframework.data.jpa.repository.query.JpaQueryExecution$ModifyingExecution.doExecute(JpaQueryExecution.java:373)
	at org.springframework.data.jpa.repository.query.JpaQueryExecution.execute(JpaQueryExecution.java:99)
	at org.springframework.data.jpa.repository.query.AbstractJpaQuery.doExecute(AbstractJpaQuery.java:164)
	at org.springframework.data.jpa.repository.query.AbstractJpaQuery.execute(AbstractJpaQuery.java:154)
	at org.springframework.data.repository.core.support.RepositoryMethodInvoker.doInvoke(RepositoryMethodInvoker.java:169)
	at org.springframework.data.repository.core.support.RepositoryMethodInvoker.invoke(RepositoryMethodInvoker.java:158)
	at org.springframework.data.repository.core.support.QueryExecutorMethodInterceptor.doInvoke(QueryExecutorMethodInterceptor.java:167)
	at org.springframework.data.repository.core.support.QueryExecutorMethodInterceptor.invoke(QueryExecutorMethodInterceptor.java:146)
	at org.springframework.aop.framework.ReflectiveMethodInvocation.proceed(ReflectiveMethodInvocation.java:179)
	at org.springframework.data.projection.DefaultMethodInvokingMethodInterceptor.invoke(DefaultMethodInvokingMethodInterceptor.java:69)
	at org.springframework.aop.framework.ReflectiveMethodInvocation.proceed(ReflectiveMethodInvocation.java:179)
	at org.springframework.transaction.interceptor.TransactionAspectSupport.invokeWithinTransaction(TransactionAspectSupport.java:370)
	at org.springframework.transaction.interceptor.TransactionInterceptor.invoke(TransactionInterceptor.java:118)
	at org.springframework.aop.framework.ReflectiveMethodInvocation.proceed(ReflectiveMethodInvocation.java:179)
	at org.springframework.dao.support.PersistenceExceptionTranslationInterceptor.invoke(PersistenceExceptionTranslationInterceptor.java:135)
	... 25 common frames omitted
Caused by: org.postgresql.util.PSQLException: ERROR: new row for relation "interview_schedule" violates check constraint "interview_schedule_status_check"
  详细：Failing row contains (1, 2026-07-02 19:22:03.171302, 6, 2026-04-15 19:30:00, 2026-07-02 19:22:03.171302, 阿里巴巴, VIDEO, 李老师, https://meeting.tencent.com/abc-defg-hij, 请提前10分钟入会，准备项目介绍与系统设计案..., 后端开发工程师, EXPIRED, 6).
	at org.postgresql.core.v3.QueryExecutorImpl.receiveErrorResponse(QueryExecutorImpl.java:2736)
	at org.postgresql.core.v3.QueryExecutorImpl.processResults(QueryExecutorImpl.java:2421)
	at org.postgresql.core.v3.QueryExecutorImpl.execute(QueryExecutorImpl.java:372)
	at org.postgresql.jdbc.PgStatement.executeInternal(PgStatement.java:525)
	at org.postgresql.jdbc.PgStatement.execute(PgStatement.java:435)
	at org.postgresql.jdbc.PgPreparedStatement.executeWithFlags(PgPreparedStatement.java:196)
	at org.postgresql.jdbc.PgPreparedStatement.executeUpdate(PgPreparedStatement.java:157)
	at com.zaxxer.hikari.pool.ProxyPreparedStatement.executeUpdate(ProxyPreparedStatement.java:61)
	at com.zaxxer.hikari.pool.HikariProxyPreparedStatement.executeUpdate(HikariProxyPreparedStatement.java)
	at org.hibernate.sql.exec.internal.StandardJdbcMutationExecutor.execute(StandardJdbcMutationExecutor.java:70)
	... 44 common frames omitted

2026-07-02T19:40:51.019+08:00  WARN 45732 --- [ai-interview-platform] [  scheduling-22] org.hibernate.orm.jdbc.error             : HHH000247: ErrorCode: 0, SQLState: 23514
2026-07-02T19:40:51.019+08:00  WARN 45732 --- [ai-interview-platform] [  scheduling-22] org.hibernate.orm.jdbc.error             : ERROR: new row for relation "interview_schedule" violates check constraint "interview_schedule_status_check"
  详细：Failing row contains (1, 2026-07-02 19:22:03.171302, 6, 2026-04-15 19:30:00, 2026-07-02 19:22:03.171302, 阿里巴巴, VIDEO, 李老师, https://meeting.tencent.com/abc-defg-hij, 请提前10分钟入会，准备项目介绍与系统设计案..., 后端开发工程师, EXPIRED, 6).
2026-07-02T19:40:51.022+08:00 ERROR 45732 --- [ai-interview-platform] [  scheduling-22] o.s.s.s.TaskUtils$LoggingErrorHandler    : Unexpected error occurred in scheduled task

org.springframework.dao.DataIntegrityViolationException: JDBC exception executing SQL [ERROR: new row for relation "interview_schedule" violates check constraint "interview_schedule_status_check"
  详细：Failing row contains (1, 2026-07-02 19:22:03.171302, 6, 2026-04-15 19:30:00, 2026-07-02 19:22:03.171302, 阿里巴巴, VIDEO, 李老师, https://meeting.tencent.com/abc-defg-hij, 请提前10分钟入会，准备项目介绍与系统设计案..., 后端开发工程师, EXPIRED, 6).] [update interview_schedule ise1_0 set status=? where ise1_0.status=? and ise1_0.interview_time<?]; SQL [update interview_schedule ise1_0 set status=? where ise1_0.status=? and ise1_0.interview_time<?]; constraint [interview_schedule_status_check]
	at org.springframework.orm.jpa.hibernate.HibernateExceptionTranslator.convertHibernateAccessException(HibernateExceptionTranslator.java:169)
	at org.springframework.orm.jpa.hibernate.HibernateExceptionTranslator.convertHibernateAccessException(HibernateExceptionTranslator.java:131)
	at org.springframework.orm.jpa.hibernate.HibernateExceptionTranslator.translateExceptionIfPossible(HibernateExceptionTranslator.java:105)
	at org.springframework.orm.jpa.vendor.HibernateJpaDialect.translateExceptionIfPossible(HibernateJpaDialect.java:199)
	at org.springframework.orm.jpa.AbstractEntityManagerFactoryBean.translateExceptionIfPossible(AbstractEntityManagerFactoryBean.java:556)
	at org.springframework.dao.support.ChainedPersistenceExceptionTranslator.translateExceptionIfPossible(ChainedPersistenceExceptionTranslator.java:61)
	at org.springframework.dao.support.DataAccessUtils.translateIfNecessary(DataAccessUtils.java:346)
	at org.springframework.dao.support.PersistenceExceptionTranslationInterceptor.invoke(PersistenceExceptionTranslationInterceptor.java:157)
	at org.springframework.aop.framework.ReflectiveMethodInvocation.proceed(ReflectiveMethodInvocation.java:179)
	at org.springframework.data.jpa.repository.support.CrudMethodMetadataPostProcessor$CrudMethodMetadataPopulatingMethodInterceptor.invoke(CrudMethodMetadataPostProcessor.java:137)
	at org.springframework.aop.framework.ReflectiveMethodInvocation.proceed(ReflectiveMethodInvocation.java:179)
	at org.springframework.aop.framework.JdkDynamicAopProxy.invoke(JdkDynamicAopProxy.java:222)
	at jdk.proxy2/jdk.proxy2.$Proxy209.updateStatusByStatusAndInterviewTimeBefore(Unknown Source)
	at interview.guide.modules.interviewschedule.service.ScheduleStatusUpdater.updateExpiredInterviews(ScheduleStatusUpdater.java:22)
	at java.base/jdk.internal.reflect.DirectMethodHandleAccessor.invoke(DirectMethodHandleAccessor.java:103)
	at java.base/java.lang.reflect.Method.invoke(Method.java:580)
	at org.springframework.aop.support.AopUtils.invokeJoinpointUsingReflection(AopUtils.java:359)
	at org.springframework.aop.framework.ReflectiveMethodInvocation.invokeJoinpoint(ReflectiveMethodInvocation.java:190)
	at org.springframework.aop.framework.ReflectiveMethodInvocation.proceed(ReflectiveMethodInvocation.java:158)
	at org.springframework.transaction.interceptor.TransactionAspectSupport.invokeWithinTransaction(TransactionAspectSupport.java:370)
	at org.springframework.transaction.interceptor.TransactionInterceptor.invoke(TransactionInterceptor.java:118)
	at org.springframework.aop.framework.ReflectiveMethodInvocation.proceed(ReflectiveMethodInvocation.java:179)
	at org.springframework.aop.framework.CglibAopProxy$DynamicAdvisedInterceptor.intercept(CglibAopProxy.java:719)
	at interview.guide.modules.interviewschedule.service.ScheduleStatusUpdater$$SpringCGLIB$$0.updateExpiredInterviews(<generated>)
	at java.base/jdk.internal.reflect.DirectMethodHandleAccessor.invoke(DirectMethodHandleAccessor.java:103)
	at java.base/java.lang.reflect.Method.invoke(Method.java:580)
	at org.springframework.scheduling.support.ScheduledMethodRunnable.runInternal(ScheduledMethodRunnable.java:128)
	at org.springframework.scheduling.support.ScheduledMethodRunnable.lambda$run$1(ScheduledMethodRunnable.java:122)
	at io.micrometer.observation.Observation.observe(Observation.java:498)
	at org.springframework.scheduling.support.ScheduledMethodRunnable.run(ScheduledMethodRunnable.java:122)
	at org.springframework.scheduling.config.Task$OutcomeTrackingRunnable.run(Task.java:88)
	at org.springframework.scheduling.support.DelegatingErrorHandlingRunnable.run(DelegatingErrorHandlingRunnable.java:54)
	at java.base/java.lang.VirtualThread.run(VirtualThread.java:329)
Caused by: org.hibernate.exception.ConstraintViolationException: JDBC exception executing SQL [ERROR: new row for relation "interview_schedule" violates check constraint "interview_schedule_status_check"
  详细：Failing row contains (1, 2026-07-02 19:22:03.171302, 6, 2026-04-15 19:30:00, 2026-07-02 19:22:03.171302, 阿里巴巴, VIDEO, 李老师, https://meeting.tencent.com/abc-defg-hij, 请提前10分钟入会，准备项目介绍与系统设计案..., 后端开发工程师, EXPIRED, 6).] [update interview_schedule ise1_0 set status=? where ise1_0.status=? and ise1_0.interview_time<?]
	at org.hibernate.exception.internal.SQLStateConversionDelegate.convert(SQLStateConversionDelegate.java:73)
	at org.hibernate.exception.internal.StandardSQLExceptionConverter.convert(StandardSQLExceptionConverter.java:34)
	at org.hibernate.engine.jdbc.spi.SqlExceptionHelper.convert(SqlExceptionHelper.java:115)
	at org.hibernate.sql.exec.internal.StandardJdbcMutationExecutor.handleException(StandardJdbcMutationExecutor.java:95)
	at org.hibernate.sql.exec.internal.StandardJdbcMutationExecutor.execute(StandardJdbcMutationExecutor.java:84)
	at org.hibernate.query.sqm.internal.SimpleNonSelectQueryPlan.execute(SimpleNonSelectQueryPlan.java:61)
	at org.hibernate.query.sqm.internal.SimpleNonSelectQueryPlan.executeUpdate(SimpleNonSelectQueryPlan.java:56)
	at org.hibernate.query.sqm.internal.SqmQueryImpl.doExecuteUpdate(SqmQueryImpl.java:509)
	at org.hibernate.query.sqm.internal.SqmQueryImpl.executeUpdate(SqmQueryImpl.java:481)
	at org.springframework.data.jpa.repository.query.JpaQueryExecution$ModifyingExecution.doExecute(JpaQueryExecution.java:373)
	at org.springframework.data.jpa.repository.query.JpaQueryExecution.execute(JpaQueryExecution.java:99)
	at org.springframework.data.jpa.repository.query.AbstractJpaQuery.doExecute(AbstractJpaQuery.java:164)
	at org.springframework.data.jpa.repository.query.AbstractJpaQuery.execute(AbstractJpaQuery.java:154)
	at org.springframework.data.repository.core.support.RepositoryMethodInvoker.doInvoke(RepositoryMethodInvoker.java:169)
	at org.springframework.data.repository.core.support.RepositoryMethodInvoker.invoke(RepositoryMethodInvoker.java:158)
	at org.springframework.data.repository.core.support.QueryExecutorMethodInterceptor.doInvoke(QueryExecutorMethodInterceptor.java:167)
	at org.springframework.data.repository.core.support.QueryExecutorMethodInterceptor.invoke(QueryExecutorMethodInterceptor.java:146)
	at org.springframework.aop.framework.ReflectiveMethodInvocation.proceed(ReflectiveMethodInvocation.java:179)
	at org.springframework.data.projection.DefaultMethodInvokingMethodInterceptor.invoke(DefaultMethodInvokingMethodInterceptor.java:69)
	at org.springframework.aop.framework.ReflectiveMethodInvocation.proceed(ReflectiveMethodInvocation.java:179)
	at org.springframework.transaction.interceptor.TransactionAspectSupport.invokeWithinTransaction(TransactionAspectSupport.java:370)
	at org.springframework.transaction.interceptor.TransactionInterceptor.invoke(TransactionInterceptor.java:118)
	at org.springframework.aop.framework.ReflectiveMethodInvocation.proceed(ReflectiveMethodInvocation.java:179)
	at org.springframework.dao.support.PersistenceExceptionTranslationInterceptor.invoke(PersistenceExceptionTranslationInterceptor.java:135)
	... 25 common frames omitted
Caused by: org.postgresql.util.PSQLException: ERROR: new row for relation "interview_schedule" violates check constraint "interview_schedule_status_check"
  详细：Failing row contains (1, 2026-07-02 19:22:03.171302, 6, 2026-04-15 19:30:00, 2026-07-02 19:22:03.171302, 阿里巴巴, VIDEO, 李老师, https://meeting.tencent.com/abc-defg-hij, 请提前10分钟入会，准备项目介绍与系统设计案..., 后端开发工程师, EXPIRED, 6).
	at org.postgresql.core.v3.QueryExecutorImpl.receiveErrorResponse(QueryExecutorImpl.java:2736)
	at org.postgresql.core.v3.QueryExecutorImpl.processResults(QueryExecutorImpl.java:2421)
	at org.postgresql.core.v3.QueryExecutorImpl.execute(QueryExecutorImpl.java:372)
	at org.postgresql.jdbc.PgStatement.executeInternal(PgStatement.java:525)
	at org.postgresql.jdbc.PgStatement.execute(PgStatement.java:435)
	at org.postgresql.jdbc.PgPreparedStatement.executeWithFlags(PgPreparedStatement.java:196)
	at org.postgresql.jdbc.PgPreparedStatement.executeUpdate(PgPreparedStatement.java:157)
	at com.zaxxer.hikari.pool.ProxyPreparedStatement.executeUpdate(ProxyPreparedStatement.java:61)
	at com.zaxxer.hikari.pool.HikariProxyPreparedStatement.executeUpdate(HikariProxyPreparedStatement.java)
	at org.hibernate.sql.exec.internal.StandardJdbcMutationExecutor.execute(StandardJdbcMutationExecutor.java:70)
	... 44 common frames omitted

2026-07-02T19:40:52.009+08:00  WARN 45732 --- [ai-interview-platform] [  scheduling-23] org.hibernate.orm.jdbc.error             : HHH000247: ErrorCode: 0, SQLState: 23514
2026-07-02T19:40:52.009+08:00  WARN 45732 --- [ai-interview-platform] [  scheduling-23] org.hibernate.orm.jdbc.error             : ERROR: new row for relation "interview_schedule" violates check constraint "interview_schedule_status_check"
  详细：Failing row contains (1, 2026-07-02 19:22:03.171302, 6, 2026-04-15 19:30:00, 2026-07-02 19:22:03.171302, 阿里巴巴, VIDEO, 李老师, https://meeting.tencent.com/abc-defg-hij, 请提前10分钟入会，准备项目介绍与系统设计案..., 后端开发工程师, EXPIRED, 6).
2026-07-02T19:40:52.011+08:00 ERROR 45732 --- [ai-interview-platform] [  scheduling-23] o.s.s.s.TaskUtils$LoggingErrorHandler    : Unexpected error occurred in scheduled task

org.springframework.dao.DataIntegrityViolationException: JDBC exception executing SQL [ERROR: new row for relation "interview_schedule" violates check constraint "interview_schedule_status_check"
  详细：Failing row contains (1, 2026-07-02 19:22:03.171302, 6, 2026-04-15 19:30:00, 2026-07-02 19:22:03.171302, 阿里巴巴, VIDEO, 李老师, https://meeting.tencent.com/abc-defg-hij, 请提前10分钟入会，准备项目介绍与系统设计案..., 后端开发工程师, EXPIRED, 6).] [update interview_schedule ise1_0 set status=? where ise1_0.status=? and ise1_0.interview_time<?]; SQL [update interview_schedule ise1_0 set status=? where ise1_0.status=? and ise1_0.interview_time<?]; constraint [interview_schedule_status_check]
	at org.springframework.orm.jpa.hibernate.HibernateExceptionTranslator.convertHibernateAccessException(HibernateExceptionTranslator.java:169)
	at org.springframework.orm.jpa.hibernate.HibernateExceptionTranslator.convertHibernateAccessException(HibernateExceptionTranslator.java:131)
	at org.springframework.orm.jpa.hibernate.HibernateExceptionTranslator.translateExceptionIfPossible(HibernateExceptionTranslator.java:105)
	at org.springframework.orm.jpa.vendor.HibernateJpaDialect.translateExceptionIfPossible(HibernateJpaDialect.java:199)
	at org.springframework.orm.jpa.AbstractEntityManagerFactoryBean.translateExceptionIfPossible(AbstractEntityManagerFactoryBean.java:556)
	at org.springframework.dao.support.ChainedPersistenceExceptionTranslator.translateExceptionIfPossible(ChainedPersistenceExceptionTranslator.java:61)
	at org.springframework.dao.support.DataAccessUtils.translateIfNecessary(DataAccessUtils.java:346)
	at org.springframework.dao.support.PersistenceExceptionTranslationInterceptor.invoke(PersistenceExceptionTranslationInterceptor.java:157)
	at org.springframework.aop.framework.ReflectiveMethodInvocation.proceed(ReflectiveMethodInvocation.java:179)
	at org.springframework.data.jpa.repository.support.CrudMethodMetadataPostProcessor$CrudMethodMetadataPopulatingMethodInterceptor.invoke(CrudMethodMetadataPostProcessor.java:137)
	at org.springframework.aop.framework.ReflectiveMethodInvocation.proceed(ReflectiveMethodInvocation.java:179)
	at org.springframework.aop.framework.JdkDynamicAopProxy.invoke(JdkDynamicAopProxy.java:222)
	at jdk.proxy2/jdk.proxy2.$Proxy209.updateStatusByStatusAndInterviewTimeBefore(Unknown Source)
	at interview.guide.modules.interviewschedule.service.ScheduleStatusUpdater.updateExpiredInterviews(ScheduleStatusUpdater.java:22)
	at java.base/jdk.internal.reflect.DirectMethodHandleAccessor.invoke(DirectMethodHandleAccessor.java:103)
	at java.base/java.lang.reflect.Method.invoke(Method.java:580)
	at org.springframework.aop.support.AopUtils.invokeJoinpointUsingReflection(AopUtils.java:359)
	at org.springframework.aop.framework.ReflectiveMethodInvocation.invokeJoinpoint(ReflectiveMethodInvocation.java:190)
	at org.springframework.aop.framework.ReflectiveMethodInvocation.proceed(ReflectiveMethodInvocation.java:158)
	at org.springframework.transaction.interceptor.TransactionAspectSupport.invokeWithinTransaction(TransactionAspectSupport.java:370)
	at org.springframework.transaction.interceptor.TransactionInterceptor.invoke(TransactionInterceptor.java:118)
	at org.springframework.aop.framework.ReflectiveMethodInvocation.proceed(ReflectiveMethodInvocation.java:179)
	at org.springframework.aop.framework.CglibAopProxy$DynamicAdvisedInterceptor.intercept(CglibAopProxy.java:719)
	at interview.guide.modules.interviewschedule.service.ScheduleStatusUpdater$$SpringCGLIB$$0.updateExpiredInterviews(<generated>)
	at java.base/jdk.internal.reflect.DirectMethodHandleAccessor.invoke(DirectMethodHandleAccessor.java:103)
	at java.base/java.lang.reflect.Method.invoke(Method.java:580)
	at org.springframework.scheduling.support.ScheduledMethodRunnable.runInternal(ScheduledMethodRunnable.java:128)
	at org.springframework.scheduling.support.ScheduledMethodRunnable.lambda$run$1(ScheduledMethodRunnable.java:122)
	at io.micrometer.observation.Observation.observe(Observation.java:498)
	at org.springframework.scheduling.support.ScheduledMethodRunnable.run(ScheduledMethodRunnable.java:122)
	at org.springframework.scheduling.config.Task$OutcomeTrackingRunnable.run(Task.java:88)
	at org.springframework.scheduling.support.DelegatingErrorHandlingRunnable.run(DelegatingErrorHandlingRunnable.java:54)
	at java.base/java.lang.VirtualThread.run(VirtualThread.java:329)
Caused by: org.hibernate.exception.ConstraintViolationException: JDBC exception executing SQL [ERROR: new row for relation "interview_schedule" violates check constraint "interview_schedule_status_check"
  详细：Failing row contains (1, 2026-07-02 19:22:03.171302, 6, 2026-04-15 19:30:00, 2026-07-02 19:22:03.171302, 阿里巴巴, VIDEO, 李老师, https://meeting.tencent.com/abc-defg-hij, 请提前10分钟入会，准备项目介绍与系统设计案..., 后端开发工程师, EXPIRED, 6).] [update interview_schedule ise1_0 set status=? where ise1_0.status=? and ise1_0.interview_time<?]
	at org.hibernate.exception.internal.SQLStateConversionDelegate.convert(SQLStateConversionDelegate.java:73)
	at org.hibernate.exception.internal.StandardSQLExceptionConverter.convert(StandardSQLExceptionConverter.java:34)
	at org.hibernate.engine.jdbc.spi.SqlExceptionHelper.convert(SqlExceptionHelper.java:115)
	at org.hibernate.sql.exec.internal.StandardJdbcMutationExecutor.handleException(StandardJdbcMutationExecutor.java:95)
	at org.hibernate.sql.exec.internal.StandardJdbcMutationExecutor.execute(StandardJdbcMutationExecutor.java:84)
	at org.hibernate.query.sqm.internal.SimpleNonSelectQueryPlan.execute(SimpleNonSelectQueryPlan.java:61)
	at org.hibernate.query.sqm.internal.SimpleNonSelectQueryPlan.executeUpdate(SimpleNonSelectQueryPlan.java:56)
	at org.hibernate.query.sqm.internal.SqmQueryImpl.doExecuteUpdate(SqmQueryImpl.java:509)
	at org.hibernate.query.sqm.internal.SqmQueryImpl.executeUpdate(SqmQueryImpl.java:481)
	at org.springframework.data.jpa.repository.query.JpaQueryExecution$ModifyingExecution.doExecute(JpaQueryExecution.java:373)
	at org.springframework.data.jpa.repository.query.JpaQueryExecution.execute(JpaQueryExecution.java:99)
	at org.springframework.data.jpa.repository.query.AbstractJpaQuery.doExecute(AbstractJpaQuery.java:164)
	at org.springframework.data.jpa.repository.query.AbstractJpaQuery.execute(AbstractJpaQuery.java:154)
	at org.springframework.data.repository.core.support.RepositoryMethodInvoker.doInvoke(RepositoryMethodInvoker.java:169)
	at org.springframework.data.repository.core.support.RepositoryMethodInvoker.invoke(RepositoryMethodInvoker.java:158)
	at org.springframework.data.repository.core.support.QueryExecutorMethodInterceptor.doInvoke(QueryExecutorMethodInterceptor.java:167)
	at org.springframework.data.repository.core.support.QueryExecutorMethodInterceptor.invoke(QueryExecutorMethodInterceptor.java:146)
	at org.springframework.aop.framework.ReflectiveMethodInvocation.proceed(ReflectiveMethodInvocation.java:179)
	at org.springframework.data.projection.DefaultMethodInvokingMethodInterceptor.invoke(DefaultMethodInvokingMethodInterceptor.java:69)
	at org.springframework.aop.framework.ReflectiveMethodInvocation.proceed(ReflectiveMethodInvocation.java:179)
	at org.springframework.transaction.interceptor.TransactionAspectSupport.invokeWithinTransaction(TransactionAspectSupport.java:370)
	at org.springframework.transaction.interceptor.TransactionInterceptor.invoke(TransactionInterceptor.java:118)
	at org.springframework.aop.framework.ReflectiveMethodInvocation.proceed(ReflectiveMethodInvocation.java:179)
	at org.springframework.dao.support.PersistenceExceptionTranslationInterceptor.invoke(PersistenceExceptionTranslationInterceptor.java:135)
	... 25 common frames omitted
Caused by: org.postgresql.util.PSQLException: ERROR: new row for relation "interview_schedule" violates check constraint "interview_schedule_status_check"
  详细：Failing row contains (1, 2026-07-02 19:22:03.171302, 6, 2026-04-15 19:30:00, 2026-07-02 19:22:03.171302, 阿里巴巴, VIDEO, 李老师, https://meeting.tencent.com/abc-defg-hij, 请提前10分钟入会，准备项目介绍与系统设计案..., 后端开发工程师, EXPIRED, 6).
	at org.postgresql.core.v3.QueryExecutorImpl.receiveErrorResponse(QueryExecutorImpl.java:2736)
	at org.postgresql.core.v3.QueryExecutorImpl.processResults(QueryExecutorImpl.java:2421)
	at org.postgresql.core.v3.QueryExecutorImpl.execute(QueryExecutorImpl.java:372)
	at org.postgresql.jdbc.PgStatement.executeInternal(PgStatement.java:525)
	at org.postgresql.jdbc.PgStatement.execute(PgStatement.java:435)
	at org.postgresql.jdbc.PgPreparedStatement.executeWithFlags(PgPreparedStatement.java:196)
	at org.postgresql.jdbc.PgPreparedStatement.executeUpdate(PgPreparedStatement.java:157)
	at com.zaxxer.hikari.pool.ProxyPreparedStatement.executeUpdate(ProxyPreparedStatement.java:61)
	at com.zaxxer.hikari.pool.HikariProxyPreparedStatement.executeUpdate(HikariProxyPreparedStatement.java)
	at org.hibernate.sql.exec.internal.StandardJdbcMutationExecutor.execute(StandardJdbcMutationExecutor.java:70)
	... 44 common frames omitted

2026-07-02T19:40:53.011+08:00  WARN 45732 --- [ai-interview-platform] [  scheduling-24] org.hibernate.orm.jdbc.error             : HHH000247: ErrorCode: 0, SQLState: 23514
2026-07-02T19:40:53.011+08:00  WARN 45732 --- [ai-interview-platform] [  scheduling-24] org.hibernate.orm.jdbc.error             : ERROR: new row for relation "interview_schedule" violates check constraint "interview_schedule_status_check"
  详细：Failing row contains (1, 2026-07-02 19:22:03.171302, 6, 2026-04-15 19:30:00, 2026-07-02 19:22:03.171302, 阿里巴巴, VIDEO, 李老师, https://meeting.tencent.com/abc-defg-hij, 请提前10分钟入会，准备项目介绍与系统设计案..., 后端开发工程师, EXPIRED, 6).
2026-07-02T19:40:53.012+08:00 ERROR 45732 --- [ai-interview-platform] [  scheduling-24] o.s.s.s.TaskUtils$LoggingErrorHandler    : Unexpected error occurred in scheduled task

org.springframework.dao.DataIntegrityViolationException: JDBC exception executing SQL [ERROR: new row for relation "interview_schedule" violates check constraint "interview_schedule_status_check"
  详细：Failing row contains (1, 2026-07-02 19:22:03.171302, 6, 2026-04-15 19:30:00, 2026-07-02 19:22:03.171302, 阿里巴巴, VIDEO, 李老师, https://meeting.tencent.com/abc-defg-hij, 请提前10分钟入会，准备项目介绍与系统设计案..., 后端开发工程师, EXPIRED, 6).] [update interview_schedule ise1_0 set status=? where ise1_0.status=? and ise1_0.interview_time<?]; SQL [update interview_schedule ise1_0 set status=? where ise1_0.status=? and ise1_0.interview_time<?]; constraint [interview_schedule_status_check]
	at org.springframework.orm.jpa.hibernate.HibernateExceptionTranslator.convertHibernateAccessException(HibernateExceptionTranslator.java:169)
	at org.springframework.orm.jpa.hibernate.HibernateExceptionTranslator.convertHibernateAccessException(HibernateExceptionTranslator.java:131)
	at org.springframework.orm.jpa.hibernate.HibernateExceptionTranslator.translateExceptionIfPossible(HibernateExceptionTranslator.java:105)
	at org.springframework.orm.jpa.vendor.HibernateJpaDialect.translateExceptionIfPossible(HibernateJpaDialect.java:199)
	at org.springframework.orm.jpa.AbstractEntityManagerFactoryBean.translateExceptionIfPossible(AbstractEntityManagerFactoryBean.java:556)
	at org.springframework.dao.support.ChainedPersistenceExceptionTranslator.translateExceptionIfPossible(ChainedPersistenceExceptionTranslator.java:61)
	at org.springframework.dao.support.DataAccessUtils.translateIfNecessary(DataAccessUtils.java:346)
	at org.springframework.dao.support.PersistenceExceptionTranslationInterceptor.invoke(PersistenceExceptionTranslationInterceptor.java:157)
	at org.springframework.aop.framework.ReflectiveMethodInvocation.proceed(ReflectiveMethodInvocation.java:179)
	at org.springframework.data.jpa.repository.support.CrudMethodMetadataPostProcessor$CrudMethodMetadataPopulatingMethodInterceptor.invoke(CrudMethodMetadataPostProcessor.java:137)
	at org.springframework.aop.framework.ReflectiveMethodInvocation.proceed(ReflectiveMethodInvocation.java:179)
	at org.springframework.aop.framework.JdkDynamicAopProxy.invoke(JdkDynamicAopProxy.java:222)
	at jdk.proxy2/jdk.proxy2.$Proxy209.updateStatusByStatusAndInterviewTimeBefore(Unknown Source)
	at interview.guide.modules.interviewschedule.service.ScheduleStatusUpdater.updateExpiredInterviews(ScheduleStatusUpdater.java:22)
	at java.base/jdk.internal.reflect.DirectMethodHandleAccessor.invoke(DirectMethodHandleAccessor.java:103)
	at java.base/java.lang.reflect.Method.invoke(Method.java:580)
	at org.springframework.aop.support.AopUtils.invokeJoinpointUsingReflection(AopUtils.java:359)
	at org.springframework.aop.framework.ReflectiveMethodInvocation.invokeJoinpoint(ReflectiveMethodInvocation.java:190)
	at org.springframework.aop.framework.ReflectiveMethodInvocation.proceed(ReflectiveMethodInvocation.java:158)
	at org.springframework.transaction.interceptor.TransactionAspectSupport.invokeWithinTransaction(TransactionAspectSupport.java:370)
	at org.springframework.transaction.interceptor.TransactionInterceptor.invoke(TransactionInterceptor.java:118)
	at org.springframework.aop.framework.ReflectiveMethodInvocation.proceed(ReflectiveMethodInvocation.java:179)
	at org.springframework.aop.framework.CglibAopProxy$DynamicAdvisedInterceptor.intercept(CglibAopProxy.java:719)
	at interview.guide.modules.interviewschedule.service.ScheduleStatusUpdater$$SpringCGLIB$$0.updateExpiredInterviews(<generated>)
	at java.base/jdk.internal.reflect.DirectMethodHandleAccessor.invoke(DirectMethodHandleAccessor.java:103)
	at java.base/java.lang.reflect.Method.invoke(Method.java:580)
	at org.springframework.scheduling.support.ScheduledMethodRunnable.runInternal(ScheduledMethodRunnable.java:128)
	at org.springframework.scheduling.support.ScheduledMethodRunnable.lambda$run$1(ScheduledMethodRunnable.java:122)
	at io.micrometer.observation.Observation.observe(Observation.java:498)
	at org.springframework.scheduling.support.ScheduledMethodRunnable.run(ScheduledMethodRunnable.java:122)
	at org.springframework.scheduling.config.Task$OutcomeTrackingRunnable.run(Task.java:88)
	at org.springframework.scheduling.support.DelegatingErrorHandlingRunnable.run(DelegatingErrorHandlingRunnable.java:54)
	at java.base/java.lang.VirtualThread.run(VirtualThread.java:329)
Caused by: org.hibernate.exception.ConstraintViolationException: JDBC exception executing SQL [ERROR: new row for relation "interview_schedule" violates check constraint "interview_schedule_status_check"
  详细：Failing row contains (1, 2026-07-02 19:22:03.171302, 6, 2026-04-15 19:30:00, 2026-07-02 19:22:03.171302, 阿里巴巴, VIDEO, 李老师, https://meeting.tencent.com/abc-defg-hij, 请提前10分钟入会，准备项目介绍与系统设计案..., 后端开发工程师, EXPIRED, 6).] [update interview_schedule ise1_0 set status=? where ise1_0.status=? and ise1_0.interview_time<?]
	at org.hibernate.exception.internal.SQLStateConversionDelegate.convert(SQLStateConversionDelegate.java:73)
	at org.hibernate.exception.internal.StandardSQLExceptionConverter.convert(StandardSQLExceptionConverter.java:34)
	at org.hibernate.engine.jdbc.spi.SqlExceptionHelper.convert(SqlExceptionHelper.java:115)
	at org.hibernate.sql.exec.internal.StandardJdbcMutationExecutor.handleException(StandardJdbcMutationExecutor.java:95)
	at org.hibernate.sql.exec.internal.StandardJdbcMutationExecutor.execute(StandardJdbcMutationExecutor.java:84)
	at org.hibernate.query.sqm.internal.SimpleNonSelectQueryPlan.execute(SimpleNonSelectQueryPlan.java:61)
	at org.hibernate.query.sqm.internal.SimpleNonSelectQueryPlan.executeUpdate(SimpleNonSelectQueryPlan.java:56)
	at org.hibernate.query.sqm.internal.SqmQueryImpl.doExecuteUpdate(SqmQueryImpl.java:509)
	at org.hibernate.query.sqm.internal.SqmQueryImpl.executeUpdate(SqmQueryImpl.java:481)
	at org.springframework.data.jpa.repository.query.JpaQueryExecution$ModifyingExecution.doExecute(JpaQueryExecution.java:373)
	at org.springframework.data.jpa.repository.query.JpaQueryExecution.execute(JpaQueryExecution.java:99)
	at org.springframework.data.jpa.repository.query.AbstractJpaQuery.doExecute(AbstractJpaQuery.java:164)
	at org.springframework.data.jpa.repository.query.AbstractJpaQuery.execute(AbstractJpaQuery.java:154)
	at org.springframework.data.repository.core.support.RepositoryMethodInvoker.doInvoke(RepositoryMethodInvoker.java:169)
	at org.springframework.data.repository.core.support.RepositoryMethodInvoker.invoke(RepositoryMethodInvoker.java:158)
	at org.springframework.data.repository.core.support.QueryExecutorMethodInterceptor.doInvoke(QueryExecutorMethodInterceptor.java:167)
	at org.springframework.data.repository.core.support.QueryExecutorMethodInterceptor.invoke(QueryExecutorMethodInterceptor.java:146)
	at org.springframework.aop.framework.ReflectiveMethodInvocation.proceed(ReflectiveMethodInvocation.java:179)
	at org.springframework.data.projection.DefaultMethodInvokingMethodInterceptor.invoke(DefaultMethodInvokingMethodInterceptor.java:69)
	at org.springframework.aop.framework.ReflectiveMethodInvocation.proceed(ReflectiveMethodInvocation.java:179)
	at org.springframework.transaction.interceptor.TransactionAspectSupport.invokeWithinTransaction(TransactionAspectSupport.java:370)
	at org.springframework.transaction.interceptor.TransactionInterceptor.invoke(TransactionInterceptor.java:118)
	at org.springframework.aop.framework.ReflectiveMethodInvocation.proceed(ReflectiveMethodInvocation.java:179)
	at org.springframework.dao.support.PersistenceExceptionTranslationInterceptor.invoke(PersistenceExceptionTranslationInterceptor.java:135)
	... 25 common frames omitted
Caused by: org.postgresql.util.PSQLException: ERROR: new row for relation "interview_schedule" violates check constraint "interview_schedule_status_check"
  详细：Failing row contains (1, 2026-07-02 19:22:03.171302, 6, 2026-04-15 19:30:00, 2026-07-02 19:22:03.171302, 阿里巴巴, VIDEO, 李老师, https://meeting.tencent.com/abc-defg-hij, 请提前10分钟入会，准备项目介绍与系统设计案..., 后端开发工程师, EXPIRED, 6).
	at org.postgresql.core.v3.QueryExecutorImpl.receiveErrorResponse(QueryExecutorImpl.java:2736)
	at org.postgresql.core.v3.QueryExecutorImpl.processResults(QueryExecutorImpl.java:2421)
	at org.postgresql.core.v3.QueryExecutorImpl.execute(QueryExecutorImpl.java:372)
	at org.postgresql.jdbc.PgStatement.executeInternal(PgStatement.java:525)
	at org.postgresql.jdbc.PgStatement.execute(PgStatement.java:435)
	at org.postgresql.jdbc.PgPreparedStatement.executeWithFlags(PgPreparedStatement.java:196)
	at org.postgresql.jdbc.PgPreparedStatement.executeUpdate(PgPreparedStatement.java:157)
	at com.zaxxer.hikari.pool.ProxyPreparedStatement.executeUpdate(ProxyPreparedStatement.java:61)
	at com.zaxxer.hikari.pool.HikariProxyPreparedStatement.executeUpdate(HikariProxyPreparedStatement.java)
	at org.hibernate.sql.exec.internal.StandardJdbcMutationExecutor.execute(StandardJdbcMutationExecutor.java:70)
	... 44 common frames omitted

2026-07-02T19:40:54.028+08:00  WARN 45732 --- [ai-interview-platform] [  scheduling-25] org.hibernate.orm.jdbc.error             : HHH000247: ErrorCode: 0, SQLState: 23514
2026-07-02T19:40:54.028+08:00  WARN 45732 --- [ai-interview-platform] [  scheduling-25] org.hibernate.orm.jdbc.error             : ERROR: new row for relation "interview_schedule" violates check constraint "interview_schedule_status_check"
  详细：Failing row contains (1, 2026-07-02 19:22:03.171302, 6, 2026-04-15 19:30:00, 2026-07-02 19:22:03.171302, 阿里巴巴, VIDEO, 李老师, https://meeting.tencent.com/abc-defg-hij, 请提前10分钟入会，准备项目介绍与系统设计案..., 后端开发工程师, EXPIRED, 6).
2026-07-02T19:40:54.031+08:00 ERROR 45732 --- [ai-interview-platform] [  scheduling-25] o.s.s.s.TaskUtils$LoggingErrorHandler    : Unexpected error occurred in scheduled task

org.springframework.dao.DataIntegrityViolationException: JDBC exception executing SQL [ERROR: new row for relation "interview_schedule" violates check constraint "interview_schedule_status_check"
  详细：Failing row contains (1, 2026-07-02 19:22:03.171302, 6, 2026-04-15 19:30:00, 2026-07-02 19:22:03.171302, 阿里巴巴, VIDEO, 李老师, https://meeting.tencent.com/abc-defg-hij, 请提前10分钟入会，准备项目介绍与系统设计案..., 后端开发工程师, EXPIRED, 6).] [update interview_schedule ise1_0 set status=? where ise1_0.status=? and ise1_0.interview_time<?]; SQL [update interview_schedule ise1_0 set status=? where ise1_0.status=? and ise1_0.interview_time<?]; constraint [interview_schedule_status_check]
	at org.springframework.orm.jpa.hibernate.HibernateExceptionTranslator.convertHibernateAccessException(HibernateExceptionTranslator.java:169)
	at org.springframework.orm.jpa.hibernate.HibernateExceptionTranslator.convertHibernateAccessException(HibernateExceptionTranslator.java:131)
	at org.springframework.orm.jpa.hibernate.HibernateExceptionTranslator.translateExceptionIfPossible(HibernateExceptionTranslator.java:105)
	at org.springframework.orm.jpa.vendor.HibernateJpaDialect.translateExceptionIfPossible(HibernateJpaDialect.java:199)
	at org.springframework.orm.jpa.AbstractEntityManagerFactoryBean.translateExceptionIfPossible(AbstractEntityManagerFactoryBean.java:556)
	at org.springframework.dao.support.ChainedPersistenceExceptionTranslator.translateExceptionIfPossible(ChainedPersistenceExceptionTranslator.java:61)
	at org.springframework.dao.support.DataAccessUtils.translateIfNecessary(DataAccessUtils.java:346)
	at org.springframework.dao.support.PersistenceExceptionTranslationInterceptor.invoke(PersistenceExceptionTranslationInterceptor.java:157)
	at org.springframework.aop.framework.ReflectiveMethodInvocation.proceed(ReflectiveMethodInvocation.java:179)
	at org.springframework.data.jpa.repository.support.CrudMethodMetadataPostProcessor$CrudMethodMetadataPopulatingMethodInterceptor.invoke(CrudMethodMetadataPostProcessor.java:137)
	at org.springframework.aop.framework.ReflectiveMethodInvocation.proceed(ReflectiveMethodInvocation.java:179)
	at org.springframework.aop.framework.JdkDynamicAopProxy.invoke(JdkDynamicAopProxy.java:222)
	at jdk.proxy2/jdk.proxy2.$Proxy209.updateStatusByStatusAndInterviewTimeBefore(Unknown Source)
	at interview.guide.modules.interviewschedule.service.ScheduleStatusUpdater.updateExpiredInterviews(ScheduleStatusUpdater.java:22)
	at java.base/jdk.internal.reflect.DirectMethodHandleAccessor.invoke(DirectMethodHandleAccessor.java:103)
	at java.base/java.lang.reflect.Method.invoke(Method.java:580)
	at org.springframework.aop.support.AopUtils.invokeJoinpointUsingReflection(AopUtils.java:359)
	at org.springframework.aop.framework.ReflectiveMethodInvocation.invokeJoinpoint(ReflectiveMethodInvocation.java:190)
	at org.springframework.aop.framework.ReflectiveMethodInvocation.proceed(ReflectiveMethodInvocation.java:158)
	at org.springframework.transaction.interceptor.TransactionAspectSupport.invokeWithinTransaction(TransactionAspectSupport.java:370)
	at org.springframework.transaction.interceptor.TransactionInterceptor.invoke(TransactionInterceptor.java:118)
	at org.springframework.aop.framework.ReflectiveMethodInvocation.proceed(ReflectiveMethodInvocation.java:179)
	at org.springframework.aop.framework.CglibAopProxy$DynamicAdvisedInterceptor.intercept(CglibAopProxy.java:719)
	at interview.guide.modules.interviewschedule.service.ScheduleStatusUpdater$$SpringCGLIB$$0.updateExpiredInterviews(<generated>)
	at java.base/jdk.internal.reflect.DirectMethodHandleAccessor.invoke(DirectMethodHandleAccessor.java:103)
	at java.base/java.lang.reflect.Method.invoke(Method.java:580)
	at org.springframework.scheduling.support.ScheduledMethodRunnable.runInternal(ScheduledMethodRunnable.java:128)
	at org.springframework.scheduling.support.ScheduledMethodRunnable.lambda$run$1(ScheduledMethodRunnable.java:122)
	at io.micrometer.observation.Observation.observe(Observation.java:498)
	at org.springframework.scheduling.support.ScheduledMethodRunnable.run(ScheduledMethodRunnable.java:122)
	at org.springframework.scheduling.config.Task$OutcomeTrackingRunnable.run(Task.java:88)
	at org.springframework.scheduling.support.DelegatingErrorHandlingRunnable.run(DelegatingErrorHandlingRunnable.java:54)
	at java.base/java.lang.VirtualThread.run(VirtualThread.java:329)
Caused by: org.hibernate.exception.ConstraintViolationException: JDBC exception executing SQL [ERROR: new row for relation "interview_schedule" violates check constraint "interview_schedule_status_check"
  详细：Failing row contains (1, 2026-07-02 19:22:03.171302, 6, 2026-04-15 19:30:00, 2026-07-02 19:22:03.171302, 阿里巴巴, VIDEO, 李老师, https://meeting.tencent.com/abc-defg-hij, 请提前10分钟入会，准备项目介绍与系统设计案..., 后端开发工程师, EXPIRED, 6).] [update interview_schedule ise1_0 set status=? where ise1_0.status=? and ise1_0.interview_time<?]
	at org.hibernate.exception.internal.SQLStateConversionDelegate.convert(SQLStateConversionDelegate.java:73)
	at org.hibernate.exception.internal.StandardSQLExceptionConverter.convert(StandardSQLExceptionConverter.java:34)
	at org.hibernate.engine.jdbc.spi.SqlExceptionHelper.convert(SqlExceptionHelper.java:115)
	at org.hibernate.sql.exec.internal.StandardJdbcMutationExecutor.handleException(StandardJdbcMutationExecutor.java:95)
	at org.hibernate.sql.exec.internal.StandardJdbcMutationExecutor.execute(StandardJdbcMutationExecutor.java:84)
	at org.hibernate.query.sqm.internal.SimpleNonSelectQueryPlan.execute(SimpleNonSelectQueryPlan.java:61)
	at org.hibernate.query.sqm.internal.SimpleNonSelectQueryPlan.executeUpdate(SimpleNonSelectQueryPlan.java:56)
	at org.hibernate.query.sqm.internal.SqmQueryImpl.doExecuteUpdate(SqmQueryImpl.java:509)
	at org.hibernate.query.sqm.internal.SqmQueryImpl.executeUpdate(SqmQueryImpl.java:481)
	at org.springframework.data.jpa.repository.query.JpaQueryExecution$ModifyingExecution.doExecute(JpaQueryExecution.java:373)
	at org.springframework.data.jpa.repository.query.JpaQueryExecution.execute(JpaQueryExecution.java:99)
	at org.springframework.data.jpa.repository.query.AbstractJpaQuery.doExecute(AbstractJpaQuery.java:164)
	at org.springframework.data.jpa.repository.query.AbstractJpaQuery.execute(AbstractJpaQuery.java:154)
	at org.springframework.data.repository.core.support.RepositoryMethodInvoker.doInvoke(RepositoryMethodInvoker.java:169)
	at org.springframework.data.repository.core.support.RepositoryMethodInvoker.invoke(RepositoryMethodInvoker.java:158)
	at org.springframework.data.repository.core.support.QueryExecutorMethodInterceptor.doInvoke(QueryExecutorMethodInterceptor.java:167)
	at org.springframework.data.repository.core.support.QueryExecutorMethodInterceptor.invoke(QueryExecutorMethodInterceptor.java:146)
	at org.springframework.aop.framework.ReflectiveMethodInvocation.proceed(ReflectiveMethodInvocation.java:179)
	at org.springframework.data.projection.DefaultMethodInvokingMethodInterceptor.invoke(DefaultMethodInvokingMethodInterceptor.java:69)
	at org.springframework.aop.framework.ReflectiveMethodInvocation.proceed(ReflectiveMethodInvocation.java:179)
	at org.springframework.transaction.interceptor.TransactionAspectSupport.invokeWithinTransaction(TransactionAspectSupport.java:370)
	at org.springframework.transaction.interceptor.TransactionInterceptor.invoke(TransactionInterceptor.java:118)
	at org.springframework.aop.framework.ReflectiveMethodInvocation.proceed(ReflectiveMethodInvocation.java:179)
	at org.springframework.dao.support.PersistenceExceptionTranslationInterceptor.invoke(PersistenceExceptionTranslationInterceptor.java:135)
	... 25 common frames omitted
Caused by: org.postgresql.util.PSQLException: ERROR: new row for relation "interview_schedule" violates check constraint "interview_schedule_status_check"
  详细：Failing row contains (1, 2026-07-02 19:22:03.171302, 6, 2026-04-15 19:30:00, 2026-07-02 19:22:03.171302, 阿里巴巴, VIDEO, 李老师, https://meeting.tencent.com/abc-defg-hij, 请提前10分钟入会，准备项目介绍与系统设计案..., 后端开发工程师, EXPIRED, 6).
	at org.postgresql.core.v3.QueryExecutorImpl.receiveErrorResponse(QueryExecutorImpl.java:2736)
	at org.postgresql.core.v3.QueryExecutorImpl.processResults(QueryExecutorImpl.java:2421)
	at org.postgresql.core.v3.QueryExecutorImpl.execute(QueryExecutorImpl.java:372)
	at org.postgresql.jdbc.PgStatement.executeInternal(PgStatement.java:525)
	at org.postgresql.jdbc.PgStatement.execute(PgStatement.java:435)
	at org.postgresql.jdbc.PgPreparedStatement.executeWithFlags(PgPreparedStatement.java:196)
	at org.postgresql.jdbc.PgPreparedStatement.executeUpdate(PgPreparedStatement.java:157)
	at com.zaxxer.hikari.pool.ProxyPreparedStatement.executeUpdate(ProxyPreparedStatement.java:61)
	at com.zaxxer.hikari.pool.HikariProxyPreparedStatement.executeUpdate(HikariProxyPreparedStatement.java)
	at org.hibernate.sql.exec.internal.StandardJdbcMutationExecutor.execute(StandardJdbcMutationExecutor.java:70)
	... 44 common frames omitted

2026-07-02T19:40:55.013+08:00  WARN 45732 --- [ai-interview-platform] [  scheduling-26] org.hibernate.orm.jdbc.error             : HHH000247: ErrorCode: 0, SQLState: 23514
2026-07-02T19:40:55.013+08:00  WARN 45732 --- [ai-interview-platform] [  scheduling-26] org.hibernate.orm.jdbc.error             : ERROR: new row for relation "interview_schedule" violates check constraint "interview_schedule_status_check"
  详细：Failing row contains (1, 2026-07-02 19:22:03.171302, 6, 2026-04-15 19:30:00, 2026-07-02 19:22:03.171302, 阿里巴巴, VIDEO, 李老师, https://meeting.tencent.com/abc-defg-hij, 请提前10分钟入会，准备项目介绍与系统设计案..., 后端开发工程师, EXPIRED, 6).
2026-07-02T19:40:55.016+08:00 ERROR 45732 --- [ai-interview-platform] [  scheduling-26] o.s.s.s.TaskUtils$LoggingErrorHandler    : Unexpected error occurred in scheduled task

org.springframework.dao.DataIntegrityViolationException: JDBC exception executing SQL [ERROR: new row for relation "interview_schedule" violates check constraint "interview_schedule_status_check"
  详细：Failing row contains (1, 2026-07-02 19:22:03.171302, 6, 2026-04-15 19:30:00, 2026-07-02 19:22:03.171302, 阿里巴巴, VIDEO, 李老师, https://meeting.tencent.com/abc-defg-hij, 请提前10分钟入会，准备项目介绍与系统设计案..., 后端开发工程师, EXPIRED, 6).] [update interview_schedule ise1_0 set status=? where ise1_0.status=? and ise1_0.interview_time<?]; SQL [update interview_schedule ise1_0 set status=? where ise1_0.status=? and ise1_0.interview_time<?]; constraint [interview_schedule_status_check]
	at org.springframework.orm.jpa.hibernate.HibernateExceptionTranslator.convertHibernateAccessException(HibernateExceptionTranslator.java:169)
	at org.springframework.orm.jpa.hibernate.HibernateExceptionTranslator.convertHibernateAccessException(HibernateExceptionTranslator.java:131)
	at org.springframework.orm.jpa.hibernate.HibernateExceptionTranslator.translateExceptionIfPossible(HibernateExceptionTranslator.java:105)
	at org.springframework.orm.jpa.vendor.HibernateJpaDialect.translateExceptionIfPossible(HibernateJpaDialect.java:199)
	at org.springframework.orm.jpa.AbstractEntityManagerFactoryBean.translateExceptionIfPossible(AbstractEntityManagerFactoryBean.java:556)
	at org.springframework.dao.support.ChainedPersistenceExceptionTranslator.translateExceptionIfPossible(ChainedPersistenceExceptionTranslator.java:61)
	at org.springframework.dao.support.DataAccessUtils.translateIfNecessary(DataAccessUtils.java:346)
	at org.springframework.dao.support.PersistenceExceptionTranslationInterceptor.invoke(PersistenceExceptionTranslationInterceptor.java:157)
	at org.springframework.aop.framework.ReflectiveMethodInvocation.proceed(ReflectiveMethodInvocation.java:179)
	at org.springframework.data.jpa.repository.support.CrudMethodMetadataPostProcessor$CrudMethodMetadataPopulatingMethodInterceptor.invoke(CrudMethodMetadataPostProcessor.java:137)
	at org.springframework.aop.framework.ReflectiveMethodInvocation.proceed(ReflectiveMethodInvocation.java:179)
	at org.springframework.aop.framework.JdkDynamicAopProxy.invoke(JdkDynamicAopProxy.java:222)
	at jdk.proxy2/jdk.proxy2.$Proxy209.updateStatusByStatusAndInterviewTimeBefore(Unknown Source)
	at interview.guide.modules.interviewschedule.service.ScheduleStatusUpdater.updateExpiredInterviews(ScheduleStatusUpdater.java:22)
	at java.base/jdk.internal.reflect.DirectMethodHandleAccessor.invoke(DirectMethodHandleAccessor.java:103)
	at java.base/java.lang.reflect.Method.invoke(Method.java:580)
	at org.springframework.aop.support.AopUtils.invokeJoinpointUsingReflection(AopUtils.java:359)
	at org.springframework.aop.framework.ReflectiveMethodInvocation.invokeJoinpoint(ReflectiveMethodInvocation.java:190)
	at org.springframework.aop.framework.ReflectiveMethodInvocation.proceed(ReflectiveMethodInvocation.java:158)
	at org.springframework.transaction.interceptor.TransactionAspectSupport.invokeWithinTransaction(TransactionAspectSupport.java:370)
	at org.springframework.transaction.interceptor.TransactionInterceptor.invoke(TransactionInterceptor.java:118)
	at org.springframework.aop.framework.ReflectiveMethodInvocation.proceed(ReflectiveMethodInvocation.java:179)
	at org.springframework.aop.framework.CglibAopProxy$DynamicAdvisedInterceptor.intercept(CglibAopProxy.java:719)
	at interview.guide.modules.interviewschedule.service.ScheduleStatusUpdater$$SpringCGLIB$$0.updateExpiredInterviews(<generated>)
	at java.base/jdk.internal.reflect.DirectMethodHandleAccessor.invoke(DirectMethodHandleAccessor.java:103)
	at java.base/java.lang.reflect.Method.invoke(Method.java:580)
	at org.springframework.scheduling.support.ScheduledMethodRunnable.runInternal(ScheduledMethodRunnable.java:128)
	at org.springframework.scheduling.support.ScheduledMethodRunnable.lambda$run$1(ScheduledMethodRunnable.java:122)
	at io.micrometer.observation.Observation.observe(Observation.java:498)
	at org.springframework.scheduling.support.ScheduledMethodRunnable.run(ScheduledMethodRunnable.java:122)
	at org.springframework.scheduling.config.Task$OutcomeTrackingRunnable.run(Task.java:88)
	at org.springframework.scheduling.support.DelegatingErrorHandlingRunnable.run(DelegatingErrorHandlingRunnable.java:54)
	at java.base/java.lang.VirtualThread.run(VirtualThread.java:329)
Caused by: org.hibernate.exception.ConstraintViolationException: JDBC exception executing SQL [ERROR: new row for relation "interview_schedule" violates check constraint "interview_schedule_status_check"
  详细：Failing row contains (1, 2026-07-02 19:22:03.171302, 6, 2026-04-15 19:30:00, 2026-07-02 19:22:03.171302, 阿里巴巴, VIDEO, 李老师, https://meeting.tencent.com/abc-defg-hij, 请提前10分钟入会，准备项目介绍与系统设计案..., 后端开发工程师, EXPIRED, 6).] [update interview_schedule ise1_0 set status=? where ise1_0.status=? and ise1_0.interview_time<?]
	at org.hibernate.exception.internal.SQLStateConversionDelegate.convert(SQLStateConversionDelegate.java:73)
	at org.hibernate.exception.internal.StandardSQLExceptionConverter.convert(StandardSQLExceptionConverter.java:34)
	at org.hibernate.engine.jdbc.spi.SqlExceptionHelper.convert(SqlExceptionHelper.java:115)
	at org.hibernate.sql.exec.internal.StandardJdbcMutationExecutor.handleException(StandardJdbcMutationExecutor.java:95)
	at org.hibernate.sql.exec.internal.StandardJdbcMutationExecutor.execute(StandardJdbcMutationExecutor.java:84)
	at org.hibernate.query.sqm.internal.SimpleNonSelectQueryPlan.execute(SimpleNonSelectQueryPlan.java:61)
	at org.hibernate.query.sqm.internal.SimpleNonSelectQueryPlan.executeUpdate(SimpleNonSelectQueryPlan.java:56)
	at org.hibernate.query.sqm.internal.SqmQueryImpl.doExecuteUpdate(SqmQueryImpl.java:509)
	at org.hibernate.query.sqm.internal.SqmQueryImpl.executeUpdate(SqmQueryImpl.java:481)
	at org.springframework.data.jpa.repository.query.JpaQueryExecution$ModifyingExecution.doExecute(JpaQueryExecution.java:373)
	at org.springframework.data.jpa.repository.query.JpaQueryExecution.execute(JpaQueryExecution.java:99)
	at org.springframework.data.jpa.repository.query.AbstractJpaQuery.doExecute(AbstractJpaQuery.java:164)
	at org.springframework.data.jpa.repository.query.AbstractJpaQuery.execute(AbstractJpaQuery.java:154)
	at org.springframework.data.repository.core.support.RepositoryMethodInvoker.doInvoke(RepositoryMethodInvoker.java:169)
	at org.springframework.data.repository.core.support.RepositoryMethodInvoker.invoke(RepositoryMethodInvoker.java:158)
	at org.springframework.data.repository.core.support.QueryExecutorMethodInterceptor.doInvoke(QueryExecutorMethodInterceptor.java:167)
	at org.springframework.data.repository.core.support.QueryExecutorMethodInterceptor.invoke(QueryExecutorMethodInterceptor.java:146)
	at org.springframework.aop.framework.ReflectiveMethodInvocation.proceed(ReflectiveMethodInvocation.java:179)
	at org.springframework.data.projection.DefaultMethodInvokingMethodInterceptor.invoke(DefaultMethodInvokingMethodInterceptor.java:69)
	at org.springframework.aop.framework.ReflectiveMethodInvocation.proceed(ReflectiveMethodInvocation.java:179)
	at org.springframework.transaction.interceptor.TransactionAspectSupport.invokeWithinTransaction(TransactionAspectSupport.java:370)
	at org.springframework.transaction.interceptor.TransactionInterceptor.invoke(TransactionInterceptor.java:118)
	at org.springframework.aop.framework.ReflectiveMethodInvocation.proceed(ReflectiveMethodInvocation.java:179)
	at org.springframework.dao.support.PersistenceExceptionTranslationInterceptor.invoke(PersistenceExceptionTranslationInterceptor.java:135)
	... 25 common frames omitted
Caused by: org.postgresql.util.PSQLException: ERROR: new row for relation "interview_schedule" violates check constraint "interview_schedule_status_check"
  详细：Failing row contains (1, 2026-07-02 19:22:03.171302, 6, 2026-04-15 19:30:00, 2026-07-02 19:22:03.171302, 阿里巴巴, VIDEO, 李老师, https://meeting.tencent.com/abc-defg-hij, 请提前10分钟入会，准备项目介绍与系统设计案..., 后端开发工程师, EXPIRED, 6).
	at org.postgresql.core.v3.QueryExecutorImpl.receiveErrorResponse(QueryExecutorImpl.java:2736)
	at org.postgresql.core.v3.QueryExecutorImpl.processResults(QueryExecutorImpl.java:2421)
	at org.postgresql.core.v3.QueryExecutorImpl.execute(QueryExecutorImpl.java:372)
	at org.postgresql.jdbc.PgStatement.executeInternal(PgStatement.java:525)
	at org.postgresql.jdbc.PgStatement.execute(PgStatement.java:435)
	at org.postgresql.jdbc.PgPreparedStatement.executeWithFlags(PgPreparedStatement.java:196)
	at org.postgresql.jdbc.PgPreparedStatement.executeUpdate(PgPreparedStatement.java:157)
	at com.zaxxer.hikari.pool.ProxyPreparedStatement.executeUpdate(ProxyPreparedStatement.java:61)
	at com.zaxxer.hikari.pool.HikariProxyPreparedStatement.executeUpdate(HikariProxyPreparedStatement.java)
	at org.hibernate.sql.exec.internal.StandardJdbcMutationExecutor.execute(StandardJdbcMutationExecutor.java:70)
	... 44 common frames omitted

2026-07-02T19:40:56.015+08:00  WARN 45732 --- [ai-interview-platform] [  scheduling-27] org.hibernate.orm.jdbc.error             : HHH000247: ErrorCode: 0, SQLState: 23514
2026-07-02T19:40:56.015+08:00  WARN 45732 --- [ai-interview-platform] [  scheduling-27] org.hibernate.orm.jdbc.error             : ERROR: new row for relation "interview_schedule" violates check constraint "interview_schedule_status_check"
  详细：Failing row contains (1, 2026-07-02 19:22:03.171302, 6, 2026-04-15 19:30:00, 2026-07-02 19:22:03.171302, 阿里巴巴, VIDEO, 李老师, https://meeting.tencent.com/abc-defg-hij, 请提前10分钟入会，准备项目介绍与系统设计案..., 后端开发工程师, EXPIRED, 6).
2026-07-02T19:40:56.017+08:00 ERROR 45732 --- [ai-interview-platform] [  scheduling-27] o.s.s.s.TaskUtils$LoggingErrorHandler    : Unexpected error occurred in scheduled task

org.springframework.dao.DataIntegrityViolationException: JDBC exception executing SQL [ERROR: new row for relation "interview_schedule" violates check constraint "interview_schedule_status_check"
  详细：Failing row contains (1, 2026-07-02 19:22:03.171302, 6, 2026-04-15 19:30:00, 2026-07-02 19:22:03.171302, 阿里巴巴, VIDEO, 李老师, https://meeting.tencent.com/abc-defg-hij, 请提前10分钟入会，准备项目介绍与系统设计案..., 后端开发工程师, EXPIRED, 6).] [update interview_schedule ise1_0 set status=? where ise1_0.status=? and ise1_0.interview_time<?]; SQL [update interview_schedule ise1_0 set status=? where ise1_0.status=? and ise1_0.interview_time<?]; constraint [interview_schedule_status_check]
	at org.springframework.orm.jpa.hibernate.HibernateExceptionTranslator.convertHibernateAccessException(HibernateExceptionTranslator.java:169)
	at org.springframework.orm.jpa.hibernate.HibernateExceptionTranslator.convertHibernateAccessException(HibernateExceptionTranslator.java:131)
	at org.springframework.orm.jpa.hibernate.HibernateExceptionTranslator.translateExceptionIfPossible(HibernateExceptionTranslator.java:105)
	at org.springframework.orm.jpa.vendor.HibernateJpaDialect.translateExceptionIfPossible(HibernateJpaDialect.java:199)
	at org.springframework.orm.jpa.AbstractEntityManagerFactoryBean.translateExceptionIfPossible(AbstractEntityManagerFactoryBean.java:556)
	at org.springframework.dao.support.ChainedPersistenceExceptionTranslator.translateExceptionIfPossible(ChainedPersistenceExceptionTranslator.java:61)
	at org.springframework.dao.support.DataAccessUtils.translateIfNecessary(DataAccessUtils.java:346)
	at org.springframework.dao.support.PersistenceExceptionTranslationInterceptor.invoke(PersistenceExceptionTranslationInterceptor.java:157)
	at org.springframework.aop.framework.ReflectiveMethodInvocation.proceed(ReflectiveMethodInvocation.java:179)
	at org.springframework.data.jpa.repository.support.CrudMethodMetadataPostProcessor$CrudMethodMetadataPopulatingMethodInterceptor.invoke(CrudMethodMetadataPostProcessor.java:137)
	at org.springframework.aop.framework.ReflectiveMethodInvocation.proceed(ReflectiveMethodInvocation.java:179)
	at org.springframework.aop.framework.JdkDynamicAopProxy.invoke(JdkDynamicAopProxy.java:222)
	at jdk.proxy2/jdk.proxy2.$Proxy209.updateStatusByStatusAndInterviewTimeBefore(Unknown Source)
	at interview.guide.modules.interviewschedule.service.ScheduleStatusUpdater.updateExpiredInterviews(ScheduleStatusUpdater.java:22)
	at java.base/jdk.internal.reflect.DirectMethodHandleAccessor.invoke(DirectMethodHandleAccessor.java:103)
	at java.base/java.lang.reflect.Method.invoke(Method.java:580)
	at org.springframework.aop.support.AopUtils.invokeJoinpointUsingReflection(AopUtils.java:359)
	at org.springframework.aop.framework.ReflectiveMethodInvocation.invokeJoinpoint(ReflectiveMethodInvocation.java:190)
	at org.springframework.aop.framework.ReflectiveMethodInvocation.proceed(ReflectiveMethodInvocation.java:158)
	at org.springframework.transaction.interceptor.TransactionAspectSupport.invokeWithinTransaction(TransactionAspectSupport.java:370)
	at org.springframework.transaction.interceptor.TransactionInterceptor.invoke(TransactionInterceptor.java:118)
	at org.springframework.aop.framework.ReflectiveMethodInvocation.proceed(ReflectiveMethodInvocation.java:179)
	at org.springframework.aop.framework.CglibAopProxy$DynamicAdvisedInterceptor.intercept(CglibAopProxy.java:719)
	at interview.guide.modules.interviewschedule.service.ScheduleStatusUpdater$$SpringCGLIB$$0.updateExpiredInterviews(<generated>)
	at java.base/jdk.internal.reflect.DirectMethodHandleAccessor.invoke(DirectMethodHandleAccessor.java:103)
	at java.base/java.lang.reflect.Method.invoke(Method.java:580)
	at org.springframework.scheduling.support.ScheduledMethodRunnable.runInternal(ScheduledMethodRunnable.java:128)
	at org.springframework.scheduling.support.ScheduledMethodRunnable.lambda$run$1(ScheduledMethodRunnable.java:122)
	at io.micrometer.observation.Observation.observe(Observation.java:498)
	at org.springframework.scheduling.support.ScheduledMethodRunnable.run(ScheduledMethodRunnable.java:122)
	at org.springframework.scheduling.config.Task$OutcomeTrackingRunnable.run(Task.java:88)
	at org.springframework.scheduling.support.DelegatingErrorHandlingRunnable.run(DelegatingErrorHandlingRunnable.java:54)
	at java.base/java.lang.VirtualThread.run(VirtualThread.java:329)
Caused by: org.hibernate.exception.ConstraintViolationException: JDBC exception executing SQL [ERROR: new row for relation "interview_schedule" violates check constraint "interview_schedule_status_check"
  详细：Failing row contains (1, 2026-07-02 19:22:03.171302, 6, 2026-04-15 19:30:00, 2026-07-02 19:22:03.171302, 阿里巴巴, VIDEO, 李老师, https://meeting.tencent.com/abc-defg-hij, 请提前10分钟入会，准备项目介绍与系统设计案..., 后端开发工程师, EXPIRED, 6).] [update interview_schedule ise1_0 set status=? where ise1_0.status=? and ise1_0.interview_time<?]
	at org.hibernate.exception.internal.SQLStateConversionDelegate.convert(SQLStateConversionDelegate.java:73)
	at org.hibernate.exception.internal.StandardSQLExceptionConverter.convert(StandardSQLExceptionConverter.java:34)
	at org.hibernate.engine.jdbc.spi.SqlExceptionHelper.convert(SqlExceptionHelper.java:115)
	at org.hibernate.sql.exec.internal.StandardJdbcMutationExecutor.handleException(StandardJdbcMutationExecutor.java:95)
	at org.hibernate.sql.exec.internal.StandardJdbcMutationExecutor.execute(StandardJdbcMutationExecutor.java:84)
	at org.hibernate.query.sqm.internal.SimpleNonSelectQueryPlan.execute(SimpleNonSelectQueryPlan.java:61)
	at org.hibernate.query.sqm.internal.SimpleNonSelectQueryPlan.executeUpdate(SimpleNonSelectQueryPlan.java:56)
	at org.hibernate.query.sqm.internal.SqmQueryImpl.doExecuteUpdate(SqmQueryImpl.java:509)
	at org.hibernate.query.sqm.internal.SqmQueryImpl.executeUpdate(SqmQueryImpl.java:481)
	at org.springframework.data.jpa.repository.query.JpaQueryExecution$ModifyingExecution.doExecute(JpaQueryExecution.java:373)
	at org.springframework.data.jpa.repository.query.JpaQueryExecution.execute(JpaQueryExecution.java:99)
	at org.springframework.data.jpa.repository.query.AbstractJpaQuery.doExecute(AbstractJpaQuery.java:164)
	at org.springframework.data.jpa.repository.query.AbstractJpaQuery.execute(AbstractJpaQuery.java:154)
	at org.springframework.data.repository.core.support.RepositoryMethodInvoker.doInvoke(RepositoryMethodInvoker.java:169)
	at org.springframework.data.repository.core.support.RepositoryMethodInvoker.invoke(RepositoryMethodInvoker.java:158)
	at org.springframework.data.repository.core.support.QueryExecutorMethodInterceptor.doInvoke(QueryExecutorMethodInterceptor.java:167)
	at org.springframework.data.repository.core.support.QueryExecutorMethodInterceptor.invoke(QueryExecutorMethodInterceptor.java:146)
	at org.springframework.aop.framework.ReflectiveMethodInvocation.proceed(ReflectiveMethodInvocation.java:179)
	at org.springframework.data.projection.DefaultMethodInvokingMethodInterceptor.invoke(DefaultMethodInvokingMethodInterceptor.java:69)
	at org.springframework.aop.framework.ReflectiveMethodInvocation.proceed(ReflectiveMethodInvocation.java:179)
	at org.springframework.transaction.interceptor.TransactionAspectSupport.invokeWithinTransaction(TransactionAspectSupport.java:370)
	at org.springframework.transaction.interceptor.TransactionInterceptor.invoke(TransactionInterceptor.java:118)
	at org.springframework.aop.framework.ReflectiveMethodInvocation.proceed(ReflectiveMethodInvocation.java:179)
	at org.springframework.dao.support.PersistenceExceptionTranslationInterceptor.invoke(PersistenceExceptionTranslationInterceptor.java:135)
	... 25 common frames omitted
Caused by: org.postgresql.util.PSQLException: ERROR: new row for relation "interview_schedule" violates check constraint "interview_schedule_status_check"
  详细：Failing row contains (1, 2026-07-02 19:22:03.171302, 6, 2026-04-15 19:30:00, 2026-07-02 19:22:03.171302, 阿里巴巴, VIDEO, 李老师, https://meeting.tencent.com/abc-defg-hij, 请提前10分钟入会，准备项目介绍与系统设计案..., 后端开发工程师, EXPIRED, 6).
	at org.postgresql.core.v3.QueryExecutorImpl.receiveErrorResponse(QueryExecutorImpl.java:2736)
	at org.postgresql.core.v3.QueryExecutorImpl.processResults(QueryExecutorImpl.java:2421)
	at org.postgresql.core.v3.QueryExecutorImpl.execute(QueryExecutorImpl.java:372)
	at org.postgresql.jdbc.PgStatement.executeInternal(PgStatement.java:525)
	at org.postgresql.jdbc.PgStatement.execute(PgStatement.java:435)
	at org.postgresql.jdbc.PgPreparedStatement.executeWithFlags(PgPreparedStatement.java:196)
	at org.postgresql.jdbc.PgPreparedStatement.executeUpdate(PgPreparedStatement.java:157)
	at com.zaxxer.hikari.pool.ProxyPreparedStatement.executeUpdate(ProxyPreparedStatement.java:61)
	at com.zaxxer.hikari.pool.HikariProxyPreparedStatement.executeUpdate(HikariProxyPreparedStatement.java)
	at org.hibernate.sql.exec.internal.StandardJdbcMutationExecutor.execute(StandardJdbcMutationExecutor.java:70)
	... 44 common frames omitted

2026-07-02T19:40:57.021+08:00  WARN 45732 --- [ai-interview-platform] [  scheduling-28] org.hibernate.orm.jdbc.error             : HHH000247: ErrorCode: 0, SQLState: 23514
2026-07-02T19:40:57.021+08:00  WARN 45732 --- [ai-interview-platform] [  scheduling-28] org.hibernate.orm.jdbc.error             : ERROR: new row for relation "interview_schedule" violates check constraint "interview_schedule_status_check"
  详细：Failing row contains (1, 2026-07-02 19:22:03.171302, 6, 2026-04-15 19:30:00, 2026-07-02 19:22:03.171302, 阿里巴巴, VIDEO, 李老师, https://meeting.tencent.com/abc-defg-hij, 请提前10分钟入会，准备项目介绍与系统设计案..., 后端开发工程师, EXPIRED, 6).
2026-07-02T19:40:57.023+08:00 ERROR 45732 --- [ai-interview-platform] [  scheduling-28] o.s.s.s.TaskUtils$LoggingErrorHandler    : Unexpected error occurred in scheduled task

org.springframework.dao.DataIntegrityViolationException: JDBC exception executing SQL [ERROR: new row for relation "interview_schedule" violates check constraint "interview_schedule_status_check"
  详细：Failing row contains (1, 2026-07-02 19:22:03.171302, 6, 2026-04-15 19:30:00, 2026-07-02 19:22:03.171302, 阿里巴巴, VIDEO, 李老师, https://meeting.tencent.com/abc-defg-hij, 请提前10分钟入会，准备项目介绍与系统设计案..., 后端开发工程师, EXPIRED, 6).] [update interview_schedule ise1_0 set status=? where ise1_0.status=? and ise1_0.interview_time<?]; SQL [update interview_schedule ise1_0 set status=? where ise1_0.status=? and ise1_0.interview_time<?]; constraint [interview_schedule_status_check]
	at org.springframework.orm.jpa.hibernate.HibernateExceptionTranslator.convertHibernateAccessException(HibernateExceptionTranslator.java:169)
	at org.springframework.orm.jpa.hibernate.HibernateExceptionTranslator.convertHibernateAccessException(HibernateExceptionTranslator.java:131)
	at org.springframework.orm.jpa.hibernate.HibernateExceptionTranslator.translateExceptionIfPossible(HibernateExceptionTranslator.java:105)
	at org.springframework.orm.jpa.vendor.HibernateJpaDialect.translateExceptionIfPossible(HibernateJpaDialect.java:199)
	at org.springframework.orm.jpa.AbstractEntityManagerFactoryBean.translateExceptionIfPossible(AbstractEntityManagerFactoryBean.java:556)
	at org.springframework.dao.support.ChainedPersistenceExceptionTranslator.translateExceptionIfPossible(ChainedPersistenceExceptionTranslator.java:61)
	at org.springframework.dao.support.DataAccessUtils.translateIfNecessary(DataAccessUtils.java:346)
	at org.springframework.dao.support.PersistenceExceptionTranslationInterceptor.invoke(PersistenceExceptionTranslationInterceptor.java:157)
	at org.springframework.aop.framework.ReflectiveMethodInvocation.proceed(ReflectiveMethodInvocation.java:179)
	at org.springframework.data.jpa.repository.support.CrudMethodMetadataPostProcessor$CrudMethodMetadataPopulatingMethodInterceptor.invoke(CrudMethodMetadataPostProcessor.java:137)
	at org.springframework.aop.framework.ReflectiveMethodInvocation.proceed(ReflectiveMethodInvocation.java:179)
	at org.springframework.aop.framework.JdkDynamicAopProxy.invoke(JdkDynamicAopProxy.java:222)
	at jdk.proxy2/jdk.proxy2.$Proxy209.updateStatusByStatusAndInterviewTimeBefore(Unknown Source)
	at interview.guide.modules.interviewschedule.service.ScheduleStatusUpdater.updateExpiredInterviews(ScheduleStatusUpdater.java:22)
	at java.base/jdk.internal.reflect.DirectMethodHandleAccessor.invoke(DirectMethodHandleAccessor.java:103)
	at java.base/java.lang.reflect.Method.invoke(Method.java:580)
	at org.springframework.aop.support.AopUtils.invokeJoinpointUsingReflection(AopUtils.java:359)
	at org.springframework.aop.framework.ReflectiveMethodInvocation.invokeJoinpoint(ReflectiveMethodInvocation.java:190)
	at org.springframework.aop.framework.ReflectiveMethodInvocation.proceed(ReflectiveMethodInvocation.java:158)
	at org.springframework.transaction.interceptor.TransactionAspectSupport.invokeWithinTransaction(TransactionAspectSupport.java:370)
	at org.springframework.transaction.interceptor.TransactionInterceptor.invoke(TransactionInterceptor.java:118)
	at org.springframework.aop.framework.ReflectiveMethodInvocation.proceed(ReflectiveMethodInvocation.java:179)
	at org.springframework.aop.framework.CglibAopProxy$DynamicAdvisedInterceptor.intercept(CglibAopProxy.java:719)
	at interview.guide.modules.interviewschedule.service.ScheduleStatusUpdater$$SpringCGLIB$$0.updateExpiredInterviews(<generated>)
	at java.base/jdk.internal.reflect.DirectMethodHandleAccessor.invoke(DirectMethodHandleAccessor.java:103)
	at java.base/java.lang.reflect.Method.invoke(Method.java:580)
	at org.springframework.scheduling.support.ScheduledMethodRunnable.runInternal(ScheduledMethodRunnable.java:128)
	at org.springframework.scheduling.support.ScheduledMethodRunnable.lambda$run$1(ScheduledMethodRunnable.java:122)
	at io.micrometer.observation.Observation.observe(Observation.java:498)
	at org.springframework.scheduling.support.ScheduledMethodRunnable.run(ScheduledMethodRunnable.java:122)
	at org.springframework.scheduling.config.Task$OutcomeTrackingRunnable.run(Task.java:88)
	at org.springframework.scheduling.support.DelegatingErrorHandlingRunnable.run(DelegatingErrorHandlingRunnable.java:54)
	at java.base/java.lang.VirtualThread.run(VirtualThread.java:329)
Caused by: org.hibernate.exception.ConstraintViolationException: JDBC exception executing SQL [ERROR: new row for relation "interview_schedule" violates check constraint "interview_schedule_status_check"
  详细：Failing row contains (1, 2026-07-02 19:22:03.171302, 6, 2026-04-15 19:30:00, 2026-07-02 19:22:03.171302, 阿里巴巴, VIDEO, 李老师, https://meeting.tencent.com/abc-defg-hij, 请提前10分钟入会，准备项目介绍与系统设计案..., 后端开发工程师, EXPIRED, 6).] [update interview_schedule ise1_0 set status=? where ise1_0.status=? and ise1_0.interview_time<?]
	at org.hibernate.exception.internal.SQLStateConversionDelegate.convert(SQLStateConversionDelegate.java:73)
	at org.hibernate.exception.internal.StandardSQLExceptionConverter.convert(StandardSQLExceptionConverter.java:34)
	at org.hibernate.engine.jdbc.spi.SqlExceptionHelper.convert(SqlExceptionHelper.java:115)
	at org.hibernate.sql.exec.internal.StandardJdbcMutationExecutor.handleException(StandardJdbcMutationExecutor.java:95)
	at org.hibernate.sql.exec.internal.StandardJdbcMutationExecutor.execute(StandardJdbcMutationExecutor.java:84)
	at org.hibernate.query.sqm.internal.SimpleNonSelectQueryPlan.execute(SimpleNonSelectQueryPlan.java:61)
	at org.hibernate.query.sqm.internal.SimpleNonSelectQueryPlan.executeUpdate(SimpleNonSelectQueryPlan.java:56)
	at org.hibernate.query.sqm.internal.SqmQueryImpl.doExecuteUpdate(SqmQueryImpl.java:509)
	at org.hibernate.query.sqm.internal.SqmQueryImpl.executeUpdate(SqmQueryImpl.java:481)
	at org.springframework.data.jpa.repository.query.JpaQueryExecution$ModifyingExecution.doExecute(JpaQueryExecution.java:373)
	at org.springframework.data.jpa.repository.query.JpaQueryExecution.execute(JpaQueryExecution.java:99)
	at org.springframework.data.jpa.repository.query.AbstractJpaQuery.doExecute(AbstractJpaQuery.java:164)
	at org.springframework.data.jpa.repository.query.AbstractJpaQuery.execute(AbstractJpaQuery.java:154)
	at org.springframework.data.repository.core.support.RepositoryMethodInvoker.doInvoke(RepositoryMethodInvoker.java:169)
	at org.springframework.data.repository.core.support.RepositoryMethodInvoker.invoke(RepositoryMethodInvoker.java:158)
	at org.springframework.data.repository.core.support.QueryExecutorMethodInterceptor.doInvoke(QueryExecutorMethodInterceptor.java:167)
	at org.springframework.data.repository.core.support.QueryExecutorMethodInterceptor.invoke(QueryExecutorMethodInterceptor.java:146)
	at org.springframework.aop.framework.ReflectiveMethodInvocation.proceed(ReflectiveMethodInvocation.java:179)
	at org.springframework.data.projection.DefaultMethodInvokingMethodInterceptor.invoke(DefaultMethodInvokingMethodInterceptor.java:69)
	at org.springframework.aop.framework.ReflectiveMethodInvocation.proceed(ReflectiveMethodInvocation.java:179)
	at org.springframework.transaction.interceptor.TransactionAspectSupport.invokeWithinTransaction(TransactionAspectSupport.java:370)
	at org.springframework.transaction.interceptor.TransactionInterceptor.invoke(TransactionInterceptor.java:118)
	at org.springframework.aop.framework.ReflectiveMethodInvocation.proceed(ReflectiveMethodInvocation.java:179)
	at org.springframework.dao.support.PersistenceExceptionTranslationInterceptor.invoke(PersistenceExceptionTranslationInterceptor.java:135)
	... 25 common frames omitted
Caused by: org.postgresql.util.PSQLException: ERROR: new row for relation "interview_schedule" violates check constraint "interview_schedule_status_check"
  详细：Failing row contains (1, 2026-07-02 19:22:03.171302, 6, 2026-04-15 19:30:00, 2026-07-02 19:22:03.171302, 阿里巴巴, VIDEO, 李老师, https://meeting.tencent.com/abc-defg-hij, 请提前10分钟入会，准备项目介绍与系统设计案..., 后端开发工程师, EXPIRED, 6).
	at org.postgresql.core.v3.QueryExecutorImpl.receiveErrorResponse(QueryExecutorImpl.java:2736)
	at org.postgresql.core.v3.QueryExecutorImpl.processResults(QueryExecutorImpl.java:2421)
	at org.postgresql.core.v3.QueryExecutorImpl.execute(QueryExecutorImpl.java:372)
	at org.postgresql.jdbc.PgStatement.executeInternal(PgStatement.java:525)
	at org.postgresql.jdbc.PgStatement.execute(PgStatement.java:435)
	at org.postgresql.jdbc.PgPreparedStatement.executeWithFlags(PgPreparedStatement.java:196)
	at org.postgresql.jdbc.PgPreparedStatement.executeUpdate(PgPreparedStatement.java:157)
	at com.zaxxer.hikari.pool.ProxyPreparedStatement.executeUpdate(ProxyPreparedStatement.java:61)
	at com.zaxxer.hikari.pool.HikariProxyPreparedStatement.executeUpdate(HikariProxyPreparedStatement.java)
	at org.hibernate.sql.exec.internal.StandardJdbcMutationExecutor.execute(StandardJdbcMutationExecutor.java:70)
	... 44 common frames omitted

2026-07-02T19:40:58.016+08:00  WARN 45732 --- [ai-interview-platform] [  scheduling-29] org.hibernate.orm.jdbc.error             : HHH000247: ErrorCode: 0, SQLState: 23514
2026-07-02T19:40:58.016+08:00  WARN 45732 --- [ai-interview-platform] [  scheduling-29] org.hibernate.orm.jdbc.error             : ERROR: new row for relation "interview_schedule" violates check constraint "interview_schedule_status_check"
  详细：Failing row contains (1, 2026-07-02 19:22:03.171302, 6, 2026-04-15 19:30:00, 2026-07-02 19:22:03.171302, 阿里巴巴, VIDEO, 李老师, https://meeting.tencent.com/abc-defg-hij, 请提前10分钟入会，准备项目介绍与系统设计案..., 后端开发工程师, EXPIRED, 6).
2026-07-02T19:40:58.018+08:00 ERROR 45732 --- [ai-interview-platform] [  scheduling-29] o.s.s.s.TaskUtils$LoggingErrorHandler    : Unexpected error occurred in scheduled task

org.springframework.dao.DataIntegrityViolationException: JDBC exception executing SQL [ERROR: new row for relation "interview_schedule" violates check constraint "interview_schedule_status_check"
  详细：Failing row contains (1, 2026-07-02 19:22:03.171302, 6, 2026-04-15 19:30:00, 2026-07-02 19:22:03.171302, 阿里巴巴, VIDEO, 李老师, https://meeting.tencent.com/abc-defg-hij, 请提前10分钟入会，准备项目介绍与系统设计案..., 后端开发工程师, EXPIRED, 6).] [update interview_schedule ise1_0 set status=? where ise1_0.status=? and ise1_0.interview_time<?]; SQL [update interview_schedule ise1_0 set status=? where ise1_0.status=? and ise1_0.interview_time<?]; constraint [interview_schedule_status_check]
	at org.springframework.orm.jpa.hibernate.HibernateExceptionTranslator.convertHibernateAccessException(HibernateExceptionTranslator.java:169)
	at org.springframework.orm.jpa.hibernate.HibernateExceptionTranslator.convertHibernateAccessException(HibernateExceptionTranslator.java:131)
	at org.springframework.orm.jpa.hibernate.HibernateExceptionTranslator.translateExceptionIfPossible(HibernateExceptionTranslator.java:105)
	at org.springframework.orm.jpa.vendor.HibernateJpaDialect.translateExceptionIfPossible(HibernateJpaDialect.java:199)
	at org.springframework.orm.jpa.AbstractEntityManagerFactoryBean.translateExceptionIfPossible(AbstractEntityManagerFactoryBean.java:556)
	at org.springframework.dao.support.ChainedPersistenceExceptionTranslator.translateExceptionIfPossible(ChainedPersistenceExceptionTranslator.java:61)
	at org.springframework.dao.support.DataAccessUtils.translateIfNecessary(DataAccessUtils.java:346)
	at org.springframework.dao.support.PersistenceExceptionTranslationInterceptor.invoke(PersistenceExceptionTranslationInterceptor.java:157)
	at org.springframework.aop.framework.ReflectiveMethodInvocation.proceed(ReflectiveMethodInvocation.java:179)
	at org.springframework.data.jpa.repository.support.CrudMethodMetadataPostProcessor$CrudMethodMetadataPopulatingMethodInterceptor.invoke(CrudMethodMetadataPostProcessor.java:137)
	at org.springframework.aop.framework.ReflectiveMethodInvocation.proceed(ReflectiveMethodInvocation.java:179)
	at org.springframework.aop.framework.JdkDynamicAopProxy.invoke(JdkDynamicAopProxy.java:222)
	at jdk.proxy2/jdk.proxy2.$Proxy209.updateStatusByStatusAndInterviewTimeBefore(Unknown Source)
	at interview.guide.modules.interviewschedule.service.ScheduleStatusUpdater.updateExpiredInterviews(ScheduleStatusUpdater.java:22)
	at java.base/jdk.internal.reflect.DirectMethodHandleAccessor.invoke(DirectMethodHandleAccessor.java:103)
	at java.base/java.lang.reflect.Method.invoke(Method.java:580)
	at org.springframework.aop.support.AopUtils.invokeJoinpointUsingReflection(AopUtils.java:359)
	at org.springframework.aop.framework.ReflectiveMethodInvocation.invokeJoinpoint(ReflectiveMethodInvocation.java:190)
	at org.springframework.aop.framework.ReflectiveMethodInvocation.proceed(ReflectiveMethodInvocation.java:158)
	at org.springframework.transaction.interceptor.TransactionAspectSupport.invokeWithinTransaction(TransactionAspectSupport.java:370)
	at org.springframework.transaction.interceptor.TransactionInterceptor.invoke(TransactionInterceptor.java:118)
	at org.springframework.aop.framework.ReflectiveMethodInvocation.proceed(ReflectiveMethodInvocation.java:179)
	at org.springframework.aop.framework.CglibAopProxy$DynamicAdvisedInterceptor.intercept(CglibAopProxy.java:719)
	at interview.guide.modules.interviewschedule.service.ScheduleStatusUpdater$$SpringCGLIB$$0.updateExpiredInterviews(<generated>)
	at java.base/jdk.internal.reflect.DirectMethodHandleAccessor.invoke(DirectMethodHandleAccessor.java:103)
	at java.base/java.lang.reflect.Method.invoke(Method.java:580)
	at org.springframework.scheduling.support.ScheduledMethodRunnable.runInternal(ScheduledMethodRunnable.java:128)
	at org.springframework.scheduling.support.ScheduledMethodRunnable.lambda$run$1(ScheduledMethodRunnable.java:122)
	at io.micrometer.observation.Observation.observe(Observation.java:498)
	at org.springframework.scheduling.support.ScheduledMethodRunnable.run(ScheduledMethodRunnable.java:122)
	at org.springframework.scheduling.config.Task$OutcomeTrackingRunnable.run(Task.java:88)
	at org.springframework.scheduling.support.DelegatingErrorHandlingRunnable.run(DelegatingErrorHandlingRunnable.java:54)
	at java.base/java.lang.VirtualThread.run(VirtualThread.java:329)
Caused by: org.hibernate.exception.ConstraintViolationException: JDBC exception executing SQL [ERROR: new row for relation "interview_schedule" violates check constraint "interview_schedule_status_check"
  详细：Failing row contains (1, 2026-07-02 19:22:03.171302, 6, 2026-04-15 19:30:00, 2026-07-02 19:22:03.171302, 阿里巴巴, VIDEO, 李老师, https://meeting.tencent.com/abc-defg-hij, 请提前10分钟入会，准备项目介绍与系统设计案..., 后端开发工程师, EXPIRED, 6).] [update interview_schedule ise1_0 set status=? where ise1_0.status=? and ise1_0.interview_time<?]
	at org.hibernate.exception.internal.SQLStateConversionDelegate.convert(SQLStateConversionDelegate.java:73)
	at org.hibernate.exception.internal.StandardSQLExceptionConverter.convert(StandardSQLExceptionConverter.java:34)
	at org.hibernate.engine.jdbc.spi.SqlExceptionHelper.convert(SqlExceptionHelper.java:115)
	at org.hibernate.sql.exec.internal.StandardJdbcMutationExecutor.handleException(StandardJdbcMutationExecutor.java:95)
	at org.hibernate.sql.exec.internal.StandardJdbcMutationExecutor.execute(StandardJdbcMutationExecutor.java:84)
	at org.hibernate.query.sqm.internal.SimpleNonSelectQueryPlan.execute(SimpleNonSelectQueryPlan.java:61)
	at org.hibernate.query.sqm.internal.SimpleNonSelectQueryPlan.executeUpdate(SimpleNonSelectQueryPlan.java:56)
	at org.hibernate.query.sqm.internal.SqmQueryImpl.doExecuteUpdate(SqmQueryImpl.java:509)
	at org.hibernate.query.sqm.internal.SqmQueryImpl.executeUpdate(SqmQueryImpl.java:481)
	at org.springframework.data.jpa.repository.query.JpaQueryExecution$ModifyingExecution.doExecute(JpaQueryExecution.java:373)
	at org.springframework.data.jpa.repository.query.JpaQueryExecution.execute(JpaQueryExecution.java:99)
	at org.springframework.data.jpa.repository.query.AbstractJpaQuery.doExecute(AbstractJpaQuery.java:164)
	at org.springframework.data.jpa.repository.query.AbstractJpaQuery.execute(AbstractJpaQuery.java:154)
	at org.springframework.data.repository.core.support.RepositoryMethodInvoker.doInvoke(RepositoryMethodInvoker.java:169)
	at org.springframework.data.repository.core.support.RepositoryMethodInvoker.invoke(RepositoryMethodInvoker.java:158)
	at org.springframework.data.repository.core.support.QueryExecutorMethodInterceptor.doInvoke(QueryExecutorMethodInterceptor.java:167)
	at org.springframework.data.repository.core.support.QueryExecutorMethodInterceptor.invoke(QueryExecutorMethodInterceptor.java:146)
	at org.springframework.aop.framework.ReflectiveMethodInvocation.proceed(ReflectiveMethodInvocation.java:179)
	at org.springframework.data.projection.DefaultMethodInvokingMethodInterceptor.invoke(DefaultMethodInvokingMethodInterceptor.java:69)
	at org.springframework.aop.framework.ReflectiveMethodInvocation.proceed(ReflectiveMethodInvocation.java:179)
	at org.springframework.transaction.interceptor.TransactionAspectSupport.invokeWithinTransaction(TransactionAspectSupport.java:370)
	at org.springframework.transaction.interceptor.TransactionInterceptor.invoke(TransactionInterceptor.java:118)
	at org.springframework.aop.framework.ReflectiveMethodInvocation.proceed(ReflectiveMethodInvocation.java:179)
	at org.springframework.dao.support.PersistenceExceptionTranslationInterceptor.invoke(PersistenceExceptionTranslationInterceptor.java:135)
	... 25 common frames omitted
Caused by: org.postgresql.util.PSQLException: ERROR: new row for relation "interview_schedule" violates check constraint "interview_schedule_status_check"
  详细：Failing row contains (1, 2026-07-02 19:22:03.171302, 6, 2026-04-15 19:30:00, 2026-07-02 19:22:03.171302, 阿里巴巴, VIDEO, 李老师, https://meeting.tencent.com/abc-defg-hij, 请提前10分钟入会，准备项目介绍与系统设计案..., 后端开发工程师, EXPIRED, 6).
	at org.postgresql.core.v3.QueryExecutorImpl.receiveErrorResponse(QueryExecutorImpl.java:2736)
	at org.postgresql.core.v3.QueryExecutorImpl.processResults(QueryExecutorImpl.java:2421)
	at org.postgresql.core.v3.QueryExecutorImpl.execute(QueryExecutorImpl.java:372)
	at org.postgresql.jdbc.PgStatement.executeInternal(PgStatement.java:525)
	at org.postgresql.jdbc.PgStatement.execute(PgStatement.java:435)
	at org.postgresql.jdbc.PgPreparedStatement.executeWithFlags(PgPreparedStatement.java:196)
	at org.postgresql.jdbc.PgPreparedStatement.executeUpdate(PgPreparedStatement.java:157)
	at com.zaxxer.hikari.pool.ProxyPreparedStatement.executeUpdate(ProxyPreparedStatement.java:61)
	at com.zaxxer.hikari.pool.HikariProxyPreparedStatement.executeUpdate(HikariProxyPreparedStatement.java)
	at org.hibernate.sql.exec.internal.StandardJdbcMutationExecutor.execute(StandardJdbcMutationExecutor.java:70)
	... 44 common frames omitted

2026-07-02T19:40:59.017+08:00  WARN 45732 --- [ai-interview-platform] [  scheduling-30] org.hibernate.orm.jdbc.error             : HHH000247: ErrorCode: 0, SQLState: 23514
2026-07-02T19:40:59.017+08:00  WARN 45732 --- [ai-interview-platform] [  scheduling-30] org.hibernate.orm.jdbc.error             : ERROR: new row for relation "interview_schedule" violates check constraint "interview_schedule_status_check"
  详细：Failing row contains (1, 2026-07-02 19:22:03.171302, 6, 2026-04-15 19:30:00, 2026-07-02 19:22:03.171302, 阿里巴巴, VIDEO, 李老师, https://meeting.tencent.com/abc-defg-hij, 请提前10分钟入会，准备项目介绍与系统设计案..., 后端开发工程师, EXPIRED, 6).
2026-07-02T19:40:59.019+08:00 ERROR 45732 --- [ai-interview-platform] [  scheduling-30] o.s.s.s.TaskUtils$LoggingErrorHandler    : Unexpected error occurred in scheduled task

org.springframework.dao.DataIntegrityViolationException: JDBC exception executing SQL [ERROR: new row for relation "interview_schedule" violates check constraint "interview_schedule_status_check"
  详细：Failing row contains (1, 2026-07-02 19:22:03.171302, 6, 2026-04-15 19:30:00, 2026-07-02 19:22:03.171302, 阿里巴巴, VIDEO, 李老师, https://meeting.tencent.com/abc-defg-hij, 请提前10分钟入会，准备项目介绍与系统设计案..., 后端开发工程师, EXPIRED, 6).] [update interview_schedule ise1_0 set status=? where ise1_0.status=? and ise1_0.interview_time<?]; SQL [update interview_schedule ise1_0 set status=? where ise1_0.status=? and ise1_0.interview_time<?]; constraint [interview_schedule_status_check]
	at org.springframework.orm.jpa.hibernate.HibernateExceptionTranslator.convertHibernateAccessException(HibernateExceptionTranslator.java:169)
	at org.springframework.orm.jpa.hibernate.HibernateExceptionTranslator.convertHibernateAccessException(HibernateExceptionTranslator.java:131)
	at org.springframework.orm.jpa.hibernate.HibernateExceptionTranslator.translateExceptionIfPossible(HibernateExceptionTranslator.java:105)
	at org.springframework.orm.jpa.vendor.HibernateJpaDialect.translateExceptionIfPossible(HibernateJpaDialect.java:199)
	at org.springframework.orm.jpa.AbstractEntityManagerFactoryBean.translateExceptionIfPossible(AbstractEntityManagerFactoryBean.java:556)
	at org.springframework.dao.support.ChainedPersistenceExceptionTranslator.translateExceptionIfPossible(ChainedPersistenceExceptionTranslator.java:61)
	at org.springframework.dao.support.DataAccessUtils.translateIfNecessary(DataAccessUtils.java:346)
	at org.springframework.dao.support.PersistenceExceptionTranslationInterceptor.invoke(PersistenceExceptionTranslationInterceptor.java:157)
	at org.springframework.aop.framework.ReflectiveMethodInvocation.proceed(ReflectiveMethodInvocation.java:179)
	at org.springframework.data.jpa.repository.support.CrudMethodMetadataPostProcessor$CrudMethodMetadataPopulatingMethodInterceptor.invoke(CrudMethodMetadataPostProcessor.java:137)
	at org.springframework.aop.framework.ReflectiveMethodInvocation.proceed(ReflectiveMethodInvocation.java:179)
	at org.springframework.aop.framework.JdkDynamicAopProxy.invoke(JdkDynamicAopProxy.java:222)
	at jdk.proxy2/jdk.proxy2.$Proxy209.updateStatusByStatusAndInterviewTimeBefore(Unknown Source)
	at interview.guide.modules.interviewschedule.service.ScheduleStatusUpdater.updateExpiredInterviews(ScheduleStatusUpdater.java:22)
	at java.base/jdk.internal.reflect.DirectMethodHandleAccessor.invoke(DirectMethodHandleAccessor.java:103)
	at java.base/java.lang.reflect.Method.invoke(Method.java:580)
	at org.springframework.aop.support.AopUtils.invokeJoinpointUsingReflection(AopUtils.java:359)
	at org.springframework.aop.framework.ReflectiveMethodInvocation.invokeJoinpoint(ReflectiveMethodInvocation.java:190)
	at org.springframework.aop.framework.ReflectiveMethodInvocation.proceed(ReflectiveMethodInvocation.java:158)
	at org.springframework.transaction.interceptor.TransactionAspectSupport.invokeWithinTransaction(TransactionAspectSupport.java:370)
	at org.springframework.transaction.interceptor.TransactionInterceptor.invoke(TransactionInterceptor.java:118)
	at org.springframework.aop.framework.ReflectiveMethodInvocation.proceed(ReflectiveMethodInvocation.java:179)
	at org.springframework.aop.framework.CglibAopProxy$DynamicAdvisedInterceptor.intercept(CglibAopProxy.java:719)
	at interview.guide.modules.interviewschedule.service.ScheduleStatusUpdater$$SpringCGLIB$$0.updateExpiredInterviews(<generated>)
	at java.base/jdk.internal.reflect.DirectMethodHandleAccessor.invoke(DirectMethodHandleAccessor.java:103)
	at java.base/java.lang.reflect.Method.invoke(Method.java:580)
	at org.springframework.scheduling.support.ScheduledMethodRunnable.runInternal(ScheduledMethodRunnable.java:128)
	at org.springframework.scheduling.support.ScheduledMethodRunnable.lambda$run$1(ScheduledMethodRunnable.java:122)
	at io.micrometer.observation.Observation.observe(Observation.java:498)
	at org.springframework.scheduling.support.ScheduledMethodRunnable.run(ScheduledMethodRunnable.java:122)
	at org.springframework.scheduling.config.Task$OutcomeTrackingRunnable.run(Task.java:88)
	at org.springframework.scheduling.support.DelegatingErrorHandlingRunnable.run(DelegatingErrorHandlingRunnable.java:54)
	at java.base/java.lang.VirtualThread.run(VirtualThread.java:329)
Caused by: org.hibernate.exception.ConstraintViolationException: JDBC exception executing SQL [ERROR: new row for relation "interview_schedule" violates check constraint "interview_schedule_status_check"
  详细：Failing row contains (1, 2026-07-02 19:22:03.171302, 6, 2026-04-15 19:30:00, 2026-07-02 19:22:03.171302, 阿里巴巴, VIDEO, 李老师, https://meeting.tencent.com/abc-defg-hij, 请提前10分钟入会，准备项目介绍与系统设计案..., 后端开发工程师, EXPIRED, 6).] [update interview_schedule ise1_0 set status=? where ise1_0.status=? and ise1_0.interview_time<?]
	at org.hibernate.exception.internal.SQLStateConversionDelegate.convert(SQLStateConversionDelegate.java:73)
	at org.hibernate.exception.internal.StandardSQLExceptionConverter.convert(StandardSQLExceptionConverter.java:34)
	at org.hibernate.engine.jdbc.spi.SqlExceptionHelper.convert(SqlExceptionHelper.java:115)
	at org.hibernate.sql.exec.internal.StandardJdbcMutationExecutor.handleException(StandardJdbcMutationExecutor.java:95)
	at org.hibernate.sql.exec.internal.StandardJdbcMutationExecutor.execute(StandardJdbcMutationExecutor.java:84)
	at org.hibernate.query.sqm.internal.SimpleNonSelectQueryPlan.execute(SimpleNonSelectQueryPlan.java:61)
	at org.hibernate.query.sqm.internal.SimpleNonSelectQueryPlan.executeUpdate(SimpleNonSelectQueryPlan.java:56)
	at org.hibernate.query.sqm.internal.SqmQueryImpl.doExecuteUpdate(SqmQueryImpl.java:509)
	at org.hibernate.query.sqm.internal.SqmQueryImpl.executeUpdate(SqmQueryImpl.java:481)
	at org.springframework.data.jpa.repository.query.JpaQueryExecution$ModifyingExecution.doExecute(JpaQueryExecution.java:373)
	at org.springframework.data.jpa.repository.query.JpaQueryExecution.execute(JpaQueryExecution.java:99)
	at org.springframework.data.jpa.repository.query.AbstractJpaQuery.doExecute(AbstractJpaQuery.java:164)
	at org.springframework.data.jpa.repository.query.AbstractJpaQuery.execute(AbstractJpaQuery.java:154)
	at org.springframework.data.repository.core.support.RepositoryMethodInvoker.doInvoke(RepositoryMethodInvoker.java:169)
	at org.springframework.data.repository.core.support.RepositoryMethodInvoker.invoke(RepositoryMethodInvoker.java:158)
	at org.springframework.data.repository.core.support.QueryExecutorMethodInterceptor.doInvoke(QueryExecutorMethodInterceptor.java:167)
	at org.springframework.data.repository.core.support.QueryExecutorMethodInterceptor.invoke(QueryExecutorMethodInterceptor.java:146)
	at org.springframework.aop.framework.ReflectiveMethodInvocation.proceed(ReflectiveMethodInvocation.java:179)
	at org.springframework.data.projection.DefaultMethodInvokingMethodInterceptor.invoke(DefaultMethodInvokingMethodInterceptor.java:69)
	at org.springframework.aop.framework.ReflectiveMethodInvocation.proceed(ReflectiveMethodInvocation.java:179)
	at org.springframework.transaction.interceptor.TransactionAspectSupport.invokeWithinTransaction(TransactionAspectSupport.java:370)
	at org.springframework.transaction.interceptor.TransactionInterceptor.invoke(TransactionInterceptor.java:118)
	at org.springframework.aop.framework.ReflectiveMethodInvocation.proceed(ReflectiveMethodInvocation.java:179)
	at org.springframework.dao.support.PersistenceExceptionTranslationInterceptor.invoke(PersistenceExceptionTranslationInterceptor.java:135)
	... 25 common frames omitted
Caused by: org.postgresql.util.PSQLException: ERROR: new row for relation "interview_schedule" violates check constraint "interview_schedule_status_check"
  详细：Failing row contains (1, 2026-07-02 19:22:03.171302, 6, 2026-04-15 19:30:00, 2026-07-02 19:22:03.171302, 阿里巴巴, VIDEO, 李老师, https://meeting.tencent.com/abc-defg-hij, 请提前10分钟入会，准备项目介绍与系统设计案..., 后端开发工程师, EXPIRED, 6).
	at org.postgresql.core.v3.QueryExecutorImpl.receiveErrorResponse(QueryExecutorImpl.java:2736)
	at org.postgresql.core.v3.QueryExecutorImpl.processResults(QueryExecutorImpl.java:2421)
	at org.postgresql.core.v3.QueryExecutorImpl.execute(QueryExecutorImpl.java:372)
	at org.postgresql.jdbc.PgStatement.executeInternal(PgStatement.java:525)
	at org.postgresql.jdbc.PgStatement.execute(PgStatement.java:435)
	at org.postgresql.jdbc.PgPreparedStatement.executeWithFlags(PgPreparedStatement.java:196)
	at org.postgresql.jdbc.PgPreparedStatement.executeUpdate(PgPreparedStatement.java:157)
	at com.zaxxer.hikari.pool.ProxyPreparedStatement.executeUpdate(ProxyPreparedStatement.java:61)
	at com.zaxxer.hikari.pool.HikariProxyPreparedStatement.executeUpdate(HikariProxyPreparedStatement.java)
	at org.hibernate.sql.exec.internal.StandardJdbcMutationExecutor.execute(StandardJdbcMutationExecutor.java:70)
	... 44 common frames omitted

2026-07-02T19:41:00.020+08:00  WARN 45732 --- [ai-interview-platform] [  scheduling-31] org.hibernate.orm.jdbc.error             : HHH000247: ErrorCode: 0, SQLState: 23514
2026-07-02T19:41:00.020+08:00  WARN 45732 --- [ai-interview-platform] [  scheduling-31] org.hibernate.orm.jdbc.error             : ERROR: new row for relation "interview_schedule" violates check constraint "interview_schedule_status_check"
  详细：Failing row contains (1, 2026-07-02 19:22:03.171302, 6, 2026-04-15 19:30:00, 2026-07-02 19:22:03.171302, 阿里巴巴, VIDEO, 李老师, https://meeting.tencent.com/abc-defg-hij, 请提前10分钟入会，准备项目介绍与系统设计案..., 后端开发工程师, EXPIRED, 6).
2026-07-02T19:41:00.025+08:00 ERROR 45732 --- [ai-interview-platform] [  scheduling-31] o.s.s.s.TaskUtils$LoggingErrorHandler    : Unexpected error occurred in scheduled task

org.springframework.dao.DataIntegrityViolationException: JDBC exception executing SQL [ERROR: new row for relation "interview_schedule" violates check constraint "interview_schedule_status_check"
  详细：Failing row contains (1, 2026-07-02 19:22:03.171302, 6, 2026-04-15 19:30:00, 2026-07-02 19:22:03.171302, 阿里巴巴, VIDEO, 李老师, https://meeting.tencent.com/abc-defg-hij, 请提前10分钟入会，准备项目介绍与系统设计案..., 后端开发工程师, EXPIRED, 6).] [update interview_schedule ise1_0 set status=? where ise1_0.status=? and ise1_0.interview_time<?]; SQL [update interview_schedule ise1_0 set status=? where ise1_0.status=? and ise1_0.interview_time<?]; constraint [interview_schedule_status_check]
	at org.springframework.orm.jpa.hibernate.HibernateExceptionTranslator.convertHibernateAccessException(HibernateExceptionTranslator.java:169)
	at org.springframework.orm.jpa.hibernate.HibernateExceptionTranslator.convertHibernateAccessException(HibernateExceptionTranslator.java:131)
	at org.springframework.orm.jpa.hibernate.HibernateExceptionTranslator.translateExceptionIfPossible(HibernateExceptionTranslator.java:105)
	at org.springframework.orm.jpa.vendor.HibernateJpaDialect.translateExceptionIfPossible(HibernateJpaDialect.java:199)
	at org.springframework.orm.jpa.AbstractEntityManagerFactoryBean.translateExceptionIfPossible(AbstractEntityManagerFactoryBean.java:556)
	at org.springframework.dao.support.ChainedPersistenceExceptionTranslator.translateExceptionIfPossible(ChainedPersistenceExceptionTranslator.java:61)
	at org.springframework.dao.support.DataAccessUtils.translateIfNecessary(DataAccessUtils.java:346)
	at org.springframework.dao.support.PersistenceExceptionTranslationInterceptor.invoke(PersistenceExceptionTranslationInterceptor.java:157)
	at org.springframework.aop.framework.ReflectiveMethodInvocation.proceed(ReflectiveMethodInvocation.java:179)
	at org.springframework.data.jpa.repository.support.CrudMethodMetadataPostProcessor$CrudMethodMetadataPopulatingMethodInterceptor.invoke(CrudMethodMetadataPostProcessor.java:137)
	at org.springframework.aop.framework.ReflectiveMethodInvocation.proceed(ReflectiveMethodInvocation.java:179)
	at org.springframework.aop.framework.JdkDynamicAopProxy.invoke(JdkDynamicAopProxy.java:222)
	at jdk.proxy2/jdk.proxy2.$Proxy209.updateStatusByStatusAndInterviewTimeBefore(Unknown Source)
	at interview.guide.modules.interviewschedule.service.ScheduleStatusUpdater.updateExpiredInterviews(ScheduleStatusUpdater.java:22)
	at java.base/jdk.internal.reflect.DirectMethodHandleAccessor.invoke(DirectMethodHandleAccessor.java:103)
	at java.base/java.lang.reflect.Method.invoke(Method.java:580)
	at org.springframework.aop.support.AopUtils.invokeJoinpointUsingReflection(AopUtils.java:359)
	at org.springframework.aop.framework.ReflectiveMethodInvocation.invokeJoinpoint(ReflectiveMethodInvocation.java:190)
	at org.springframework.aop.framework.ReflectiveMethodInvocation.proceed(ReflectiveMethodInvocation.java:158)
	at org.springframework.transaction.interceptor.TransactionAspectSupport.invokeWithinTransaction(TransactionAspectSupport.java:370)
	at org.springframework.transaction.interceptor.TransactionInterceptor.invoke(TransactionInterceptor.java:118)
	at org.springframework.aop.framework.ReflectiveMethodInvocation.proceed(ReflectiveMethodInvocation.java:179)
	at org.springframework.aop.framework.CglibAopProxy$DynamicAdvisedInterceptor.intercept(CglibAopProxy.java:719)
	at interview.guide.modules.interviewschedule.service.ScheduleStatusUpdater$$SpringCGLIB$$0.updateExpiredInterviews(<generated>)
	at java.base/jdk.internal.reflect.DirectMethodHandleAccessor.invoke(DirectMethodHandleAccessor.java:103)
	at java.base/java.lang.reflect.Method.invoke(Method.java:580)
	at org.springframework.scheduling.support.ScheduledMethodRunnable.runInternal(ScheduledMethodRunnable.java:128)
	at org.springframework.scheduling.support.ScheduledMethodRunnable.lambda$run$1(ScheduledMethodRunnable.java:122)
	at io.micrometer.observation.Observation.observe(Observation.java:498)
	at org.springframework.scheduling.support.ScheduledMethodRunnable.run(ScheduledMethodRunnable.java:122)
	at org.springframework.scheduling.config.Task$OutcomeTrackingRunnable.run(Task.java:88)
	at org.springframework.scheduling.support.DelegatingErrorHandlingRunnable.run(DelegatingErrorHandlingRunnable.java:54)
	at java.base/java.lang.VirtualThread.run(VirtualThread.java:329)
Caused by: org.hibernate.exception.ConstraintViolationException: JDBC exception executing SQL [ERROR: new row for relation "interview_schedule" violates check constraint "interview_schedule_status_check"
  详细：Failing row contains (1, 2026-07-02 19:22:03.171302, 6, 2026-04-15 19:30:00, 2026-07-02 19:22:03.171302, 阿里巴巴, VIDEO, 李老师, https://meeting.tencent.com/abc-defg-hij, 请提前10分钟入会，准备项目介绍与系统设计案..., 后端开发工程师, EXPIRED, 6).] [update interview_schedule ise1_0 set status=? where ise1_0.status=? and ise1_0.interview_time<?]
	at org.hibernate.exception.internal.SQLStateConversionDelegate.convert(SQLStateConversionDelegate.java:73)
	at org.hibernate.exception.internal.StandardSQLExceptionConverter.convert(StandardSQLExceptionConverter.java:34)
	at org.hibernate.engine.jdbc.spi.SqlExceptionHelper.convert(SqlExceptionHelper.java:115)
	at org.hibernate.sql.exec.internal.StandardJdbcMutationExecutor.handleException(StandardJdbcMutationExecutor.java:95)
	at org.hibernate.sql.exec.internal.StandardJdbcMutationExecutor.execute(StandardJdbcMutationExecutor.java:84)
	at org.hibernate.query.sqm.internal.SimpleNonSelectQueryPlan.execute(SimpleNonSelectQueryPlan.java:61)
	at org.hibernate.query.sqm.internal.SimpleNonSelectQueryPlan.executeUpdate(SimpleNonSelectQueryPlan.java:56)
	at org.hibernate.query.sqm.internal.SqmQueryImpl.doExecuteUpdate(SqmQueryImpl.java:509)
	at org.hibernate.query.sqm.internal.SqmQueryImpl.executeUpdate(SqmQueryImpl.java:481)
	at org.springframework.data.jpa.repository.query.JpaQueryExecution$ModifyingExecution.doExecute(JpaQueryExecution.java:373)
	at org.springframework.data.jpa.repository.query.JpaQueryExecution.execute(JpaQueryExecution.java:99)
	at org.springframework.data.jpa.repository.query.AbstractJpaQuery.doExecute(AbstractJpaQuery.java:164)
	at org.springframework.data.jpa.repository.query.AbstractJpaQuery.execute(AbstractJpaQuery.java:154)
	at org.springframework.data.repository.core.support.RepositoryMethodInvoker.doInvoke(RepositoryMethodInvoker.java:169)
	at org.springframework.data.repository.core.support.RepositoryMethodInvoker.invoke(RepositoryMethodInvoker.java:158)
	at org.springframework.data.repository.core.support.QueryExecutorMethodInterceptor.doInvoke(QueryExecutorMethodInterceptor.java:167)
	at org.springframework.data.repository.core.support.QueryExecutorMethodInterceptor.invoke(QueryExecutorMethodInterceptor.java:146)
	at org.springframework.aop.framework.ReflectiveMethodInvocation.proceed(ReflectiveMethodInvocation.java:179)
	at org.springframework.data.projection.DefaultMethodInvokingMethodInterceptor.invoke(DefaultMethodInvokingMethodInterceptor.java:69)
	at org.springframework.aop.framework.ReflectiveMethodInvocation.proceed(ReflectiveMethodInvocation.java:179)
	at org.springframework.transaction.interceptor.TransactionAspectSupport.invokeWithinTransaction(TransactionAspectSupport.java:370)
	at org.springframework.transaction.interceptor.TransactionInterceptor.invoke(TransactionInterceptor.java:118)
	at org.springframework.aop.framework.ReflectiveMethodInvocation.proceed(ReflectiveMethodInvocation.java:179)
	at org.springframework.dao.support.PersistenceExceptionTranslationInterceptor.invoke(PersistenceExceptionTranslationInterceptor.java:135)
	... 25 common frames omitted
Caused by: org.postgresql.util.PSQLException: ERROR: new row for relation "interview_schedule" violates check constraint "interview_schedule_status_check"
  详细：Failing row contains (1, 2026-07-02 19:22:03.171302, 6, 2026-04-15 19:30:00, 2026-07-02 19:22:03.171302, 阿里巴巴, VIDEO, 李老师, https://meeting.tencent.com/abc-defg-hij, 请提前10分钟入会，准备项目介绍与系统设计案..., 后端开发工程师, EXPIRED, 6).
	at org.postgresql.core.v3.QueryExecutorImpl.receiveErrorResponse(QueryExecutorImpl.java:2736)
	at org.postgresql.core.v3.QueryExecutorImpl.processResults(QueryExecutorImpl.java:2421)
	at org.postgresql.core.v3.QueryExecutorImpl.execute(QueryExecutorImpl.java:372)
	at org.postgresql.jdbc.PgStatement.executeInternal(PgStatement.java:525)
	at org.postgresql.jdbc.PgStatement.execute(PgStatement.java:435)
	at org.postgresql.jdbc.PgPreparedStatement.executeWithFlags(PgPreparedStatement.java:196)
	at org.postgresql.jdbc.PgPreparedStatement.executeUpdate(PgPreparedStatement.java:157)
	at com.zaxxer.hikari.pool.ProxyPreparedStatement.executeUpdate(ProxyPreparedStatement.java:61)
	at com.zaxxer.hikari.pool.HikariProxyPreparedStatement.executeUpdate(HikariProxyPreparedStatement.java)
	at org.hibernate.sql.exec.internal.StandardJdbcMutationExecutor.execute(StandardJdbcMutationExecutor.java:70)
	... 44 common frames omitted

2026-07-02T19:41:01.008+08:00  WARN 45732 --- [ai-interview-platform] [  scheduling-32] org.hibernate.orm.jdbc.error             : HHH000247: ErrorCode: 0, SQLState: 23514
2026-07-02T19:41:01.008+08:00  WARN 45732 --- [ai-interview-platform] [  scheduling-32] org.hibernate.orm.jdbc.error             : ERROR: new row for relation "interview_schedule" violates check constraint "interview_schedule_status_check"
  详细：Failing row contains (1, 2026-07-02 19:22:03.171302, 6, 2026-04-15 19:30:00, 2026-07-02 19:22:03.171302, 阿里巴巴, VIDEO, 李老师, https://meeting.tencent.com/abc-defg-hij, 请提前10分钟入会，准备项目介绍与系统设计案..., 后端开发工程师, EXPIRED, 6).
2026-07-02T19:41:01.011+08:00 ERROR 45732 --- [ai-interview-platform] [  scheduling-32] o.s.s.s.TaskUtils$LoggingErrorHandler    : Unexpected error occurred in scheduled task

org.springframework.dao.DataIntegrityViolationException: JDBC exception executing SQL [ERROR: new row for relation "interview_schedule" violates check constraint "interview_schedule_status_check"
  详细：Failing row contains (1, 2026-07-02 19:22:03.171302, 6, 2026-04-15 19:30:00, 2026-07-02 19:22:03.171302, 阿里巴巴, VIDEO, 李老师, https://meeting.tencent.com/abc-defg-hij, 请提前10分钟入会，准备项目介绍与系统设计案..., 后端开发工程师, EXPIRED, 6).] [update interview_schedule ise1_0 set status=? where ise1_0.status=? and ise1_0.interview_time<?]; SQL [update interview_schedule ise1_0 set status=? where ise1_0.status=? and ise1_0.interview_time<?]; constraint [interview_schedule_status_check]
	at org.springframework.orm.jpa.hibernate.HibernateExceptionTranslator.convertHibernateAccessException(HibernateExceptionTranslator.java:169)
	at org.springframework.orm.jpa.hibernate.HibernateExceptionTranslator.convertHibernateAccessException(HibernateExceptionTranslator.java:131)
	at org.springframework.orm.jpa.hibernate.HibernateExceptionTranslator.translateExceptionIfPossible(HibernateExceptionTranslator.java:105)
	at org.springframework.orm.jpa.vendor.HibernateJpaDialect.translateExceptionIfPossible(HibernateJpaDialect.java:199)
	at org.springframework.orm.jpa.AbstractEntityManagerFactoryBean.translateExceptionIfPossible(AbstractEntityManagerFactoryBean.java:556)
	at org.springframework.dao.support.ChainedPersistenceExceptionTranslator.translateExceptionIfPossible(ChainedPersistenceExceptionTranslator.java:61)
	at org.springframework.dao.support.DataAccessUtils.translateIfNecessary(DataAccessUtils.java:346)
	at org.springframework.dao.support.PersistenceExceptionTranslationInterceptor.invoke(PersistenceExceptionTranslationInterceptor.java:157)
	at org.springframework.aop.framework.ReflectiveMethodInvocation.proceed(ReflectiveMethodInvocation.java:179)
	at org.springframework.data.jpa.repository.support.CrudMethodMetadataPostProcessor$CrudMethodMetadataPopulatingMethodInterceptor.invoke(CrudMethodMetadataPostProcessor.java:137)
	at org.springframework.aop.framework.ReflectiveMethodInvocation.proceed(ReflectiveMethodInvocation.java:179)
	at org.springframework.aop.framework.JdkDynamicAopProxy.invoke(JdkDynamicAopProxy.java:222)
	at jdk.proxy2/jdk.proxy2.$Proxy209.updateStatusByStatusAndInterviewTimeBefore(Unknown Source)
	at interview.guide.modules.interviewschedule.service.ScheduleStatusUpdater.updateExpiredInterviews(ScheduleStatusUpdater.java:22)
	at java.base/jdk.internal.reflect.DirectMethodHandleAccessor.invoke(DirectMethodHandleAccessor.java:103)
	at java.base/java.lang.reflect.Method.invoke(Method.java:580)
	at org.springframework.aop.support.AopUtils.invokeJoinpointUsingReflection(AopUtils.java:359)
	at org.springframework.aop.framework.ReflectiveMethodInvocation.invokeJoinpoint(ReflectiveMethodInvocation.java:190)
	at org.springframework.aop.framework.ReflectiveMethodInvocation.proceed(ReflectiveMethodInvocation.java:158)
	at org.springframework.transaction.interceptor.TransactionAspectSupport.invokeWithinTransaction(TransactionAspectSupport.java:370)
	at org.springframework.transaction.interceptor.TransactionInterceptor.invoke(TransactionInterceptor.java:118)
	at org.springframework.aop.framework.ReflectiveMethodInvocation.proceed(ReflectiveMethodInvocation.java:179)
	at org.springframework.aop.framework.CglibAopProxy$DynamicAdvisedInterceptor.intercept(CglibAopProxy.java:719)
	at interview.guide.modules.interviewschedule.service.ScheduleStatusUpdater$$SpringCGLIB$$0.updateExpiredInterviews(<generated>)
	at java.base/jdk.internal.reflect.DirectMethodHandleAccessor.invoke(DirectMethodHandleAccessor.java:103)
	at java.base/java.lang.reflect.Method.invoke(Method.java:580)
	at org.springframework.scheduling.support.ScheduledMethodRunnable.runInternal(ScheduledMethodRunnable.java:128)
	at org.springframework.scheduling.support.ScheduledMethodRunnable.lambda$run$1(ScheduledMethodRunnable.java:122)
	at io.micrometer.observation.Observation.observe(Observation.java:498)
	at org.springframework.scheduling.support.ScheduledMethodRunnable.run(ScheduledMethodRunnable.java:122)
	at org.springframework.scheduling.config.Task$OutcomeTrackingRunnable.run(Task.java:88)
	at org.springframework.scheduling.support.DelegatingErrorHandlingRunnable.run(DelegatingErrorHandlingRunnable.java:54)
	at java.base/java.lang.VirtualThread.run(VirtualThread.java:329)
Caused by: org.hibernate.exception.ConstraintViolationException: JDBC exception executing SQL [ERROR: new row for relation "interview_schedule" violates check constraint "interview_schedule_status_check"
  详细：Failing row contains (1, 2026-07-02 19:22:03.171302, 6, 2026-04-15 19:30:00, 2026-07-02 19:22:03.171302, 阿里巴巴, VIDEO, 李老师, https://meeting.tencent.com/abc-defg-hij, 请提前10分钟入会，准备项目介绍与系统设计案..., 后端开发工程师, EXPIRED, 6).] [update interview_schedule ise1_0 set status=? where ise1_0.status=? and ise1_0.interview_time<?]
	at org.hibernate.exception.internal.SQLStateConversionDelegate.convert(SQLStateConversionDelegate.java:73)
	at org.hibernate.exception.internal.StandardSQLExceptionConverter.convert(StandardSQLExceptionConverter.java:34)
	at org.hibernate.engine.jdbc.spi.SqlExceptionHelper.convert(SqlExceptionHelper.java:115)
	at org.hibernate.sql.exec.internal.StandardJdbcMutationExecutor.handleException(StandardJdbcMutationExecutor.java:95)
	at org.hibernate.sql.exec.internal.StandardJdbcMutationExecutor.execute(StandardJdbcMutationExecutor.java:84)
	at org.hibernate.query.sqm.internal.SimpleNonSelectQueryPlan.execute(SimpleNonSelectQueryPlan.java:61)
	at org.hibernate.query.sqm.internal.SimpleNonSelectQueryPlan.executeUpdate(SimpleNonSelectQueryPlan.java:56)
	at org.hibernate.query.sqm.internal.SqmQueryImpl.doExecuteUpdate(SqmQueryImpl.java:509)
	at org.hibernate.query.sqm.internal.SqmQueryImpl.executeUpdate(SqmQueryImpl.java:481)
	at org.springframework.data.jpa.repository.query.JpaQueryExecution$ModifyingExecution.doExecute(JpaQueryExecution.java:373)
	at org.springframework.data.jpa.repository.query.JpaQueryExecution.execute(JpaQueryExecution.java:99)
	at org.springframework.data.jpa.repository.query.AbstractJpaQuery.doExecute(AbstractJpaQuery.java:164)
	at org.springframework.data.jpa.repository.query.AbstractJpaQuery.execute(AbstractJpaQuery.java:154)
	at org.springframework.data.repository.core.support.RepositoryMethodInvoker.doInvoke(RepositoryMethodInvoker.java:169)
	at org.springframework.data.repository.core.support.RepositoryMethodInvoker.invoke(RepositoryMethodInvoker.java:158)
	at org.springframework.data.repository.core.support.QueryExecutorMethodInterceptor.doInvoke(QueryExecutorMethodInterceptor.java:167)
	at org.springframework.data.repository.core.support.QueryExecutorMethodInterceptor.invoke(QueryExecutorMethodInterceptor.java:146)
	at org.springframework.aop.framework.ReflectiveMethodInvocation.proceed(ReflectiveMethodInvocation.java:179)
	at org.springframework.data.projection.DefaultMethodInvokingMethodInterceptor.invoke(DefaultMethodInvokingMethodInterceptor.java:69)
	at org.springframework.aop.framework.ReflectiveMethodInvocation.proceed(ReflectiveMethodInvocation.java:179)
	at org.springframework.transaction.interceptor.TransactionAspectSupport.invokeWithinTransaction(TransactionAspectSupport.java:370)
	at org.springframework.transaction.interceptor.TransactionInterceptor.invoke(TransactionInterceptor.java:118)
	at org.springframework.aop.framework.ReflectiveMethodInvocation.proceed(ReflectiveMethodInvocation.java:179)
	at org.springframework.dao.support.PersistenceExceptionTranslationInterceptor.invoke(PersistenceExceptionTranslationInterceptor.java:135)
	... 25 common frames omitted
Caused by: org.postgresql.util.PSQLException: ERROR: new row for relation "interview_schedule" violates check constraint "interview_schedule_status_check"
  详细：Failing row contains (1, 2026-07-02 19:22:03.171302, 6, 2026-04-15 19:30:00, 2026-07-02 19:22:03.171302, 阿里巴巴, VIDEO, 李老师, https://meeting.tencent.com/abc-defg-hij, 请提前10分钟入会，准备项目介绍与系统设计案..., 后端开发工程师, EXPIRED, 6).
	at org.postgresql.core.v3.QueryExecutorImpl.receiveErrorResponse(QueryExecutorImpl.java:2736)
	at org.postgresql.core.v3.QueryExecutorImpl.processResults(QueryExecutorImpl.java:2421)
	at org.postgresql.core.v3.QueryExecutorImpl.execute(QueryExecutorImpl.java:372)
	at org.postgresql.jdbc.PgStatement.executeInternal(PgStatement.java:525)
	at org.postgresql.jdbc.PgStatement.execute(PgStatement.java:435)
	at org.postgresql.jdbc.PgPreparedStatement.executeWithFlags(PgPreparedStatement.java:196)
	at org.postgresql.jdbc.PgPreparedStatement.executeUpdate(PgPreparedStatement.java:157)
	at com.zaxxer.hikari.pool.ProxyPreparedStatement.executeUpdate(ProxyPreparedStatement.java:61)
	at com.zaxxer.hikari.pool.HikariProxyPreparedStatement.executeUpdate(HikariProxyPreparedStatement.java)
	at org.hibernate.sql.exec.internal.StandardJdbcMutationExecutor.execute(StandardJdbcMutationExecutor.java:70)
	... 44 common frames omitted


> Task :app:bootRun FAILED

[Incubating] Problems report is available at: file:///D:/code/java/interview-guide-master/build/reports/problems/problems-report.html

Deprecated Gradle features were used in this build, making it incompatible with Gradle 9.0.

You can use '--warning-mode all' to show the individual deprecation warnings and determine if they come from your own scripts or plugins.

For more on this, please refer to https://docs.gradle.org/8.14/userguide/command_line_interface.html#sec:command_line_warnings in the Gradle documentation.
4 actionable tasks: 1 executed, 3 up-to-date
